;tipo de incendio;año;mes;anho;Región de Arica;Región de Tarapacá;Región de Antofagasta;Región de Atacama;Región de Coquimbo;Región de Valparaíso;Región Metropolitana;Región del Libertador Bernardo O'higgins;Región del Maule;Región del Ñuble;Región del Bío Bío;Región de la Araucanía;Región de los Ríos;Región de los Lagos;Región de Aysén del General Carlos Ibáñez del Campo;Región de Magallanes y de la Antártica Chilena;Chile
0;Estructural 10-0;2015;enero;1;9;23;27;10;16;42;230;75;82;30;99;88;42;99;7;20;899
1;Vehículos 10-1;2015;enero;1;3;6;5;4;12;24;167;21;21;10;18;19;9;17;1;4;341
2;Pastizales y/o Basura 10-2;2015;enero;1;18;24;47;59;44;520;965;631;695;263;846;756;247;281;5;18;5419
3;Rescate de Emergencia 10-3;2015;enero;1;4;12;15;5;11;67;235;22;59;20;91;45;33;50;7;2;678
4;Rescate Vehicular 10-4;2015;enero;1;14;35;33;54;42;160;344;90;106;52;157;105;46;76;7;9;1330
5;Haz-Mat 10-5;2015;enero;1;0;1;3;1;1;4;10;4;4;1;11;5;3;26;1;2;77
6;Gas 10-6;2015;enero;1;2;8;6;11;6;50;133;18;12;9;27;19;1;26;2;9;339
7;Eléctrico 10-7;2015;enero;1;0;0;1;3;2;10;58;3;1;0;8;8;2;7;0;0;103
8;No Clasificado 10-8;2015;enero;1;2;1;2;1;10;65;43;47;33;24;101;38;2;31;1;2;403
9;Otros Servicios 10-9;2015;enero;1;7;19;30;59;19;113;171;197;95;68;108;149;102;328;8;33;1506
10;Escombros 10-10;2015;enero;1;5;3;1;1;3;13;19;17;12;2;7;16;1;7;0;7;114
11;Servicio Aéreo 10-11;2015;enero;1;0;0;0;0;0;2;0;0;0;0;0;0;0;0;0;0;2
12;Apoyo a otros Cuerpos 10-12;2015;enero;1;0;0;1;0;0;30;144;130;75;11;50;49;10;5;0;0;505
13;Atentados Terroristas 10-13;2015;enero;1;0;0;0;0;0;4;0;0;0;0;0;0;1;0;0;0;5
14;Accidentes Aéreos 10-14;2015;enero;1;0;0;0;0;0;2;0;0;0;0;0;0;0;0;0;0;2
15;Simulacro 10-15;2015;enero;1;0;0;0;2;0;3;7;2;0;0;7;0;1;8;0;0;30
16;Túnel 10-16;2015;enero;1;0;0;0;0;0;1;0;0;0;0;0;0;0;0;0;0;1
17;Falsa Alarma 6-16;2015;enero;1;1;2;1;0;3;10;34;6;5;8;10;14;4;1;0;0;99
18;Inundación 10-17;2015;enero;1;0;0;0;0;0;0;0;0;0;0;1;0;0;0;0;0;1
19;Emergencia Marítima Portuaria 10-18;2015;enero;1;0;0;5;0;0;0;0;0;0;0;2;0;0;0;0;0;7
20;Incendio 10-30;2015;enero;1;0;2;1;0;0;1;20;0;0;0;1;0;0;2;0;0;27
21;Emergencia Metro de Santiago 10-19;2015;enero;1;0;0;0;0;0;0;0;0;0;0;0;0;0;0;0;0;0
22;Estructural 10-0;2015;febrero;2;2;29;12;11;15;71;150;55;56;35;95;102;38;77;5;15;768
23;Vehículos 10-1;2015;febrero;2;4;8;9;8;10;25;147;18;29;6;23;31;5;15;0;8;346
24;Pastizales y/o Basura 10-2;2015;febrero;2;14;14;18;38;51;400;697;502;640;281;849;1173;358;610;5;8;5658
25;Rescate de Emergencia 10-3;2015;febrero;2;1;9;22;8;11;79;171;37;61;19;75;40;19;34;5;0;591
26;Rescate Vehicular 10-4;2015;febrero;2;8;23;14;43;38;177;336;121;104;59;154;104;41;64;5;13;1304
27;Haz-Mat 10-5;2015;febrero;2;0;0;2;2;2;8;6;4;1;1;10;3;2;11;0;1;53
28;Gas 10-6;2015;febrero;2;0;7;8;3;17;48;109;20;22;2;28;30;7;17;0;1;319
29;Eléctrico 10-7;2015;febrero;2;1;0;0;3;3;14;64;6;5;1;9;4;2;3;0;2;117
30;No Clasificado 10-8;2015;febrero;2;2;1;2;1;5;63;26;35;18;24;92;46;9;13;1;1;339
31;Otros Servicios 10-9;2015;febrero;2;4;9;27;60;21;139;158;146;83;40;59;146;67;314;20;24;1317
32;Escombros 10-10;2015;febrero;2;0;2;0;1;2;6;12;9;7;8;19;10;2;13;1;3;95
33;Servicio Aéreo 10-11;2015;febrero;2;0;0;0;0;0;4;0;0;0;0;0;0;0;0;0;0;4
34;Apoyo a otros Cuerpos 10-12;2015;febrero;2;0;4;0;2;3;33;77;64;64;32;96;49;15;33;1;0;473
35;Atentados Terroristas 10-13;2015;febrero;2;0;0;0;0;0;0;0;0;0;0;0;1;0;0;0;0;1
36;Accidentes Aéreos 10-14;2015;febrero;2;0;0;0;0;0;0;0;0;0;0;0;1;0;0;0;0;1
37;Simulacro 10-15;2015;febrero;2;0;0;0;2;0;2;2;1;0;0;0;2;2;3;0;0;14
38;Túnel 10-16;2015;febrero;2;0;0;0;0;0;2;0;0;0;0;0;0;0;0;0;0;2
39;Falsa Alarma 6-16;2015;febrero;2;0;0;0;0;3;13;26;13;6;10;7;16;4;4;0;3;105
40;Inundación 10-17;2015;febrero;2;0;0;0;0;0;0;0;0;0;0;0;0;0;0;0;0;0
41;Emergencia Marítima Portuaria 10-18;2015;febrero;2;0;0;0;0;0;0;0;0;0;0;0;0;0;1;0;0;1
42;Incendio 10-30;2015;febrero;2;0;4;0;0;0;0;15;0;0;0;3;2;1;12;0;0;37
43;Emergencia Metro de Santiago 10-19;2015;febrero;2;0;0;0;0;0;0;0;0;0;0;0;0;0;0;0;0;0
44;Estructural 10-0;2015;marzo;3;7;28;29;22;12;66;188;73;77;26;70;98;50;91;5;15;857
45;Vehículos 10-1;2015;marzo;3;4;9;10;7;15;20;83;18;15;11;22;19;4;9;0;9;255
46;Pastizales y/o Basura 10-2;2015;marzo;3;26;20;26;35;23;375;489;451;505;210;647;975;365;416;3;9;4575
47;Rescate de Emergencia 10-3;2015;marzo;3;6;4;12;79;18;70;228;43;38;12;80;36;20;31;1;0;678
48;Rescate Vehicular 10-4;2015;marzo;3;14;15;27;47;17;128;365;92;101;46;157;76;33;74;3;7;1202
49;Haz-Mat 10-5;2015;marzo;3;0;1;4;0;0;3;19;3;2;0;10;8;6;14;3;0;73
50;Gas 10-6;2015;marzo;3;1;10;12;14;7;49;127;22;32;12;45;22;21;28;0;5;407
51;Eléctrico 10-7;2015;marzo;3;2;6;15;2;3;15;61;9;7;3;10;10;5;4;0;0;152
52;No Clasificado 10-8;2015;marzo;3;2;10;3;14;6;78;31;16;20;5;126;36;3;9;4;2;365
53;Otros Servicios 10-9;2015;marzo;3;1;11;94;25;33;170;126;96;71;30;48;155;139;276;12;25;1312
54;Escombros 10-10;2015;marzo;3;0;1;0;1;1;11;11;6;11;1;4;14;7;9;0;1;78
55;Servicio Aéreo 10-11;2015;marzo;3;0;0;0;0;0;0;0;0;1;1;0;0;0;0;0;0;2
56;Apoyo a otros Cuerpos 10-12;2015;marzo;3;0;1;6;7;4;46;71;42;34;12;44;51;31;22;0;0;371
57;Atentados Terroristas 10-13;2015;marzo;3;0;0;0;0;0;1;0;0;0;0;0;1;0;0;0;0;2
58;Accidentes Aéreos 10-14;2015;marzo;3;0;0;0;0;0;2;0;0;0;0;0;0;0;0;0;0;2
59;Simulacro 10-15;2015;marzo;3;0;0;0;1;0;6;3;1;0;1;2;1;7;5;0;1;28
60;Túnel 10-16;2015;marzo;3;0;0;0;0;0;0;1;0;0;0;0;0;0;0;0;0;1
61;Falsa Alarma 6-16;2015;marzo;3;0;0;0;1;1;8;19;1;7;6;1;12;4;4;0;1;65
62;Inundación 10-17;2015;marzo;3;0;0;0;1;4;0;0;0;0;0;7;0;0;0;0;0;12
63;Emergencia Marítima Portuaria 10-18;2015;marzo;3;0;0;0;0;0;0;0;0;0;0;0;0;0;0;0;1;1
64;Incendio 10-30;2015;marzo;3;0;0;1;0;0;1;15;0;0;0;0;1;0;11;0;0;29
65;Emergencia Metro de Santiago 10-19;2015;marzo;3;0;0;0;0;0;0;0;0;0;0;0;0;0;0;0;0;0
66;Estructural 10-0;2015;abril;4;11;19;26;13;18;90;149;88;58;21;116;111;34;106;7;17;884
67;Vehículos 10-1;2015;abril;4;2;4;4;6;12;24;61;13;16;5;18;33;6;14;1;6;225
68;Pastizales y/o Basura 10-2;2015;abril;4;15;11;26;18;31;320;505;321;308;215;373;354;26;45;1;7;2576
69;Rescate de Emergencia 10-3;2015;abril;4;7;10;6;5;16;65;241;34;33;17;77;21;11;33;1;1;578
70;Rescate Vehicular 10-4;2015;abril;4;13;21;20;29;29;125;395;85;109;51;145;71;24;57;1;10;1185
71;Haz-Mat 10-5;2015;abril;4;3;4;4;3;1;3;11;3;1;0;14;5;0;11;0;2;65
72;Gas 10-6;2015;abril;4;3;4;14;15;8;47;109;25;15;4;49;16;8;30;0;7;354
73;Eléctrico 10-7;2015;abril;4;0;1;1;9;2;7;43;1;8;3;11;10;4;9;0;1;110
74;No Clasificado 10-8;2015;abril;4;0;6;2;33;2;47;27;25;27;8;148;28;11;9;0;7;380
75;Otros Servicios 10-9;2015;abril;4;5;9;21;46;15;198;82;141;72;44;25;136;72;420;6;35;1327
76;Escombros 10-10;2015;abril;4;0;0;0;1;0;5;11;3;3;0;10;2;2;4;0;0;41
77;Servicio Aéreo 10-11;2015;abril;4;0;0;0;0;0;0;0;0;0;0;0;0;1;0;0;0;1
78;Apoyo a otros Cuerpos 10-12;2015;abril;4;0;0;0;8;4;24;36;25;19;6;13;8;1;5;0;0;149
79;Atentados Terroristas 10-13;2015;abril;4;0;0;0;0;0;2;0;0;2;0;1;0;0;0;0;0;5
80;Accidentes Aéreos 10-14;2015;abril;4;0;0;0;0;0;2;0;0;0;0;0;0;0;0;0;0;2
81;Simulacro 10-15;2015;abril;4;1;1;1;0;0;5;2;0;3;2;13;6;7;8;0;2;51
82;Túnel 10-16;2015;abril;4;0;0;0;0;0;0;0;0;0;0;0;0;0;0;0;0;0
83;Falsa Alarma 6-16;2015;abril;4;0;2;1;0;1;7;26;4;3;6;3;14;5;6;0;2;80
84;Inundación 10-17;2015;abril;4;0;0;0;0;0;0;0;2;0;2;5;0;0;1;0;0;10
85;Emergencia Marítima Portuaria 10-18;2015;abril;4;0;0;0;0;0;0;0;0;0;0;1;0;0;0;0;0;1
86;Incendio 10-30;2015;abril;4;0;2;0;0;0;1;15;0;0;0;5;0;0;7;0;0;30
87;Emergencia Metro de Santiago 10-19;2015;abril;4;0;0;0;0;0;0;0;0;0;0;0;0;0;0;0;0;0
88;Estructural 10-0;2015;mayo;5;10;19;24;26;18;91;197;105;99;46;141;167;59;146;5;18;1171
89;Vehículos 10-1;2015;mayo;5;5;4;2;4;5;26;54;17;16;6;19;20;1;6;1;6;192
90;Pastizales y/o Basura 10-2;2015;mayo;5;4;13;15;35;52;361;453;308;116;72;98;44;5;47;0;5;1628
91;Rescate de Emergencia 10-3;2015;mayo;5;4;12;5;4;5;62;276;32;27;18;86;27;6;27;3;1;595
92;Rescate Vehicular 10-4;2015;mayo;5;11;36;26;25;35;138;368;85;108;59;215;93;34;85;1;8;1327
93;Haz-Mat 10-5;2015;mayo;5;2;1;1;0;0;8;12;4;2;2;23;3;0;15;2;2;77
94;Gas 10-6;2015;mayo;5;7;20;10;12;19;55;116;31;21;8;38;13;4;27;0;5;386
95;Eléctrico 10-7;2015;mayo;5;1;2;2;2;0;8;53;10;5;1;16;9;4;9;0;3;125
96;No Clasificado 10-8;2015;mayo;5;0;2;3;7;3;46;40;25;44;9;125;36;18;10;6;3;377
97;Otros Servicios 10-9;2015;mayo;5;9;24;30;45;38;156;109;148;34;29;45;170;74;435;12;32;1390
98;Escombros 10-10;2015;mayo;5;0;1;0;0;3;12;7;3;4;0;0;7;2;3;0;2;44
99;Servicio Aéreo 10-11;2015;mayo;5;0;0;0;0;0;0;0;0;0;2;0;0;0;0;0;0;2
100;Apoyo a otros Cuerpos 10-12;2015;mayo;5;0;0;0;3;2;21;44;21;2;3;9;3;7;2;0;0;117
101;Atentados Terroristas 10-13;2015;mayo;5;0;0;0;0;0;6;0;0;0;1;0;0;0;0;0;0;7
102;Accidentes Aéreos 10-14;2015;mayo;5;0;0;0;0;0;5;0;0;0;0;0;0;1;0;0;0;6
103;Simulacro 10-15;2015;mayo;5;3;0;0;3;1;14;11;2;4;1;7;12;7;2;2;3;72
104;Túnel 10-16;2015;mayo;5;0;0;0;0;0;0;1;0;0;0;0;0;0;0;0;0;1
105;Falsa Alarma 6-16;2015;mayo;5;0;3;0;0;3;2;26;2;1;8;1;5;2;5;0;2;60
106;Inundación 10-17;2015;mayo;5;0;0;0;0;0;0;2;0;0;0;7;0;0;5;0;0;14
107;Emergencia Marítima Portuaria 10-18;2015;mayo;5;0;0;3;0;0;0;0;0;0;0;0;0;0;0;0;0;3
108;Incendio 10-30;2015;mayo;5;0;0;0;0;0;1;12;0;0;0;1;5;0;7;0;0;26
109;Emergencia Metro de Santiago 10-19;2015;mayo;5;0;0;0;0;0;0;0;0;0;0;0;0;0;0;0;0;0
110;Estructural 10-0;2015;Junio;6;4;19;27;18;17;84;208;102;97;59;141;179;66;175;11;21;1228
111;Vehículos 10-1;2015;Junio;6;2;6;13;6;3;24;70;10;10;5;14;14;1;10;1;3;192
112;Pastizales y/o Basura 10-2;2015;Junio;6;12;13;42;19;33;336;470;200;44;2;22;6;4;41;1;1;1246
113;Rescate de Emergencia 10-3;2015;Junio;6;2;4;9;5;8;55;240;28;32;10;58;42;14;36;6;5;554
114;Rescate Vehicular 10-4;2015;Junio;6;19;27;41;28;23;141;359;81;101;39;149;76;21;68;2;9;1184
115;Haz-Mat 10-5;2015;Junio;6;0;0;5;0;0;2;17;3;1;1;28;5;2;12;0;1;77
116;Gas 10-6;2015;Junio;6;4;15;14;8;14;60;149;38;18;8;62;35;14;31;1;6;477
117;Eléctrico 10-7;2015;Junio;6;0;6;3;4;1;6;71;0;2;3;10;8;4;7;0;1;126
118;No Clasificado 10-8;2015;Junio;6;1;5;10;5;4;45;40;14;22;8;144;35;19;13;4;8;377
119;Otros Servicios 10-9;2015;Junio;6;7;11;36;57;27;158;114;159;37;39;41;119;103;305;9;37;1259
120;Escombros 10-10;2015;Junio;6;0;1;0;4;7;22;8;3;4;2;4;6;1;8;0;0;70
121;Servicio Aéreo 10-11;2015;Junio;6;0;0;0;0;0;1;0;0;0;0;0;0;0;0;0;0;1
122;Apoyo a otros Cuerpos 10-12;2015;Junio;6;0;1;0;2;0;16;41;9;5;4;11;5;2;2;0;0;98
123;Atentados Terroristas 10-13;2015;Junio;6;0;0;0;0;0;4;1;0;2;0;1;3;0;0;0;0;11
124;Accidentes Aéreos 10-14;2015;Junio;6;0;0;0;0;0;0;0;0;1;0;0;0;0;0;0;0;1
125;Simulacro 10-15;2015;Junio;6;0;1;2;2;0;4;10;2;0;1;6;10;14;11;2;3;68
126;Túnel 10-16;2015;Junio;6;0;0;0;0;0;0;0;0;0;0;1;0;0;0;0;0;1
127;Falsa Alarma 6-16;2015;Junio;6;0;1;0;1;2;7;16;1;5;5;5;3;5;1;0;0;52
128;Inundación 10-17;2015;Junio;6;0;0;0;0;0;0;0;0;0;2;26;1;4;0;0;0;33
129;Emergencia Marítima Portuaria 10-18;2015;Junio;6;0;0;0;0;0;0;0;0;0;0;0;0;0;0;0;0;0
130;Incendio 10-30;2015;Junio;6;0;1;1;0;0;1;14;0;0;0;2;0;0;8;0;0;27
131;Emergencia Metro de Santiago 10-19;2015;Junio;6;0;0;0;0;0;0;0;0;0;0;0;0;0;0;0;0;0
132;Estructural 10-0;2015;Julio;7;11;43;37;19;17;90;206;116;123;54;176;161;58;182;17;20;1330
133;Vehículos 10-1;2015;Julio;7;7;5;12;4;6;27;65;12;12;6;12;17;2;13;3;6;209
134;Pastizales y/o Basura 10-2;2015;Julio;7;9;15;37;17;41;233;333;115;24;5;12;5;3;39;8;3;899
135;Rescate de Emergencia 10-3;2015;Julio;7;6;6;16;4;7;64;289;43;31;20;54;46;13;31;4;1;635
136;Rescate Vehicular 10-4;2015;Julio;7;12;42;57;27;29;139;366;75;113;65;156;92;34;63;20;16;1306
137;Haz-Mat 10-5;2015;Julio;7;2;0;2;1;1;4;11;1;2;4;10;6;0;15;2;2;63
138;Gas 10-6;2015;Julio;7;2;15;10;8;6;39;158;28;16;7;44;40;11;25;3;9;421
139;Eléctrico 10-7;2015;Julio;7;2;2;4;3;4;16;129;6;9;6;6;8;4;9;0;1;209
140;No Clasificado 10-8;2015;Julio;7;3;3;7;8;5;60;72;23;70;14;150;20;22;33;9;1;500
141;Otros Servicios 10-9;2015;Julio;7;6;46;17;65;57;187;180;229;57;30;52;98;82;319;9;28;1462
142;Escombros 10-10;2015;Julio;7;4;0;2;1;0;11;7;3;5;0;5;3;2;10;1;0;54
143;Servicio Aéreo 10-11;2015;Julio;7;0;0;0;0;0;1;0;0;0;0;0;0;0;0;0;0;1
144;Apoyo a otros Cuerpos 10-12;2015;Julio;7;0;7;2;1;0;9;38;14;3;1;7;4;4;4;0;0;94
145;Atentados Terroristas 10-13;2015;Julio;7;0;0;0;0;0;2;0;0;1;0;0;0;0;0;0;0;3
146;Accidentes Aéreos 10-14;2015;Julio;7;0;0;0;0;0;0;0;0;2;0;0;0;0;0;0;0;2
147;Simulacro 10-15;2015;Julio;7;0;1;1;2;0;4;5;3;2;2;3;6;6;6;1;0;42
148;Túnel 10-16;2015;Julio;7;0;0;0;0;0;0;2;0;0;0;1;0;0;0;0;0;3
149;Falsa Alarma 6-16;2015;Julio;7;0;3;0;0;4;7;17;1;2;6;4;2;0;6;0;0;52
150;Inundación 10-17;2015;Julio;7;0;0;0;0;9;11;2;0;3;15;18;1;2;2;0;0;63
151;Emergencia Marítima Portuaria 10-18;2015;Julio;7;0;0;1;0;0;0;0;0;0;0;0;0;0;0;0;0;1
152;Incendio 10-30;2015;Julio;7;0;0;4;0;0;0;10;0;0;0;0;1;0;9;0;0;24
153;Emergencia Metro de Santiago 10-19;2015;Julio;7;0;0;0;0;0;0;0;0;0;0;0;0;0;0;0;0;0
154;Estructural 10-0;2015;Agosto;8;5;43;24;12;25;70;173;73;83;53;176;120;46;145;17;24;1089
155;Vehículos 10-1;2015;Agosto;8;5;10;9;6;12;31;49;12;19;3;20;14;4;15;1;4;214
156;Pastizales y/o Basura 10-2;2015;Agosto;8;10;12;57;26;35;112;143;54;25;2;15;12;4;58;13;1;579
157;Rescate de Emergencia 10-3;2015;Agosto;8;11;11;14;6;10;70;272;43;28;21;74;39;13;33;1;0;646
158;Rescate Vehicular 10-4;2015;Agosto;8;6;33;32;33;34;149;292;87;87;37;171;87;22;51;28;7;1156
159;Haz-Mat 10-5;2015;Agosto;8;0;0;1;0;2;11;7;5;1;2;22;3;0;16;0;0;70
160;Gas 10-6;2015;Agosto;8;4;7;15;9;7;61;150;29;23;5;72;44;13;32;5;6;482
161;Eléctrico 10-7;2015;Agosto;8;2;6;10;3;15;26;130;7;17;2;8;6;1;8;2;2;245
162;No Clasificado 10-8;2015;Agosto;8;1;11;10;4;98;336;103;106;159;30;232;22;15;21;14;9;1171
163;Otros Servicios 10-9;2015;Agosto;8;2;25;45;60;226;318;453;558;140;57;86;80;41;264;11;31;2397
164;Escombros 10-10;2015;Agosto;8;2;1;6;0;1;8;2;1;4;1;3;6;1;12;0;0;48
165;Servicio Aéreo 10-11;2015;Agosto;8;0;0;0;0;0;4;2;0;0;2;0;0;0;0;0;0;8
166;Apoyo a otros Cuerpos 10-12;2015;Agosto;8;0;2;1;1;2;9;18;10;4;2;8;4;5;4;0;0;70
167;Atentados Terroristas 10-13;2015;Agosto;8;0;0;0;0;0;4;1;0;5;0;0;0;1;0;0;0;11
168;Accidentes Aéreos 10-14;2015;Agosto;8;0;0;0;0;0;0;0;0;1;0;0;0;0;0;0;0;1
169;Simulacro 10-15;2015;Agosto;8;1;0;4;0;2;6;4;7;3;2;6;4;11;2;0;1;53
170;Túnel 10-16;2015;Agosto;8;0;0;0;0;0;0;0;0;0;0;0;0;0;0;0;0;0
171;Falsa Alarma 6-16;2015;Agosto;8;0;1;0;1;2;11;15;5;4;3;2;7;0;6;4;1;62
172;Inundación 10-17;2015;Agosto;8;0;0;0;0;6;20;11;6;1;2;22;9;1;1;0;0;79
173;Emergencia Marítima Portuaria 10-18;2015;Agosto;8;0;0;5;0;0;0;0;0;0;0;0;0;0;0;0;0;5
174;Incendio 10-30;2015;Agosto;8;0;4;4;0;0;2;6;0;0;0;2;1;0;14;0;0;33
175;Emergencia Metro de Santiago 10-19;2015;Agosto;8;0;0;0;0;0;0;0;0;0;0;0;0;0;0;0;0;0
176;Estructural 10-0;2015;septiembre;9;14;23;25;18;23;97;165;102;80;45;186;102;57;135;17;16;1105
177;Vehículos 10-1;2015;septiembre;9;7;4;9;3;12;28;49;10;6;8;16;11;2;9;2;6;182
178;Pastizales y/o Basura 10-2;2015;septiembre;9;10;31;43;37;51;139;265;132;45;28;90;57;27;79;9;9;1052
179;Rescate de Emergencia 10-3;2015;septiembre;9;5;9;9;2;19;82;224;33;38;23;97;21;22;35;5;1;625
180;Rescate Vehicular 10-4;2015;septiembre;9;6;47;37;34;41;213;289;87;85;60;150;72;31;52;20;7;1231
181;Haz-Mat 10-5;2015;septiembre;9;2;0;1;1;6;26;11;1;2;4;16;2;0;22;1;0;95
182;Gas 10-6;2015;septiembre;9;5;14;14;12;28;60;108;12;20;15;62;41;12;24;3;6;436
183;Eléctrico 10-7;2015;septiembre;9;1;2;5;0;6;13;43;10;1;0;6;3;0;10;1;3;104
184;No Clasificado 10-8;2015;septiembre;9;1;5;27;4;31;70;50;30;45;11;126;22;12;7;12;1;454
185;Otros Servicios 10-9;2015;septiembre;9;0;19;25;56;132;183;153;227;57;18;77;84;52;253;15;41;1392
186;Escombros 10-10;2015;septiembre;9;0;0;6;0;0;11;3;0;1;0;1;7;0;6;1;1;37
187;Servicio Aéreo 10-11;2015;septiembre;9;0;0;0;0;0;0;0;1;0;0;0;0;0;0;0;0;1
188;Apoyo a otros Cuerpos 10-12;2015;septiembre;9;0;3;1;0;11;8;20;11;4;3;8;4;0;2;0;0;75
189;Atentados Terroristas 10-13;2015;septiembre;9;0;0;0;0;0;3;1;0;4;0;0;0;0;0;0;0;8
190;Accidentes Aéreos 10-14;2015;septiembre;9;0;0;0;0;0;0;0;0;0;0;0;0;0;0;0;0;0
191;Simulacro 10-15;2015;septiembre;9;1;2;1;0;2;2;2;2;4;2;4;7;8;8;1;3;49
192;Túnel 10-16;2015;septiembre;9;0;0;0;0;0;0;0;0;0;0;0;0;0;0;0;0;0
193;Falsa Alarma 6-16;2015;septiembre;9;0;1;0;0;4;9;13;3;2;4;2;7;5;6;3;1;60
194;Inundación 10-17;2015;septiembre;9;0;1;1;0;0;2;0;0;0;2;7;0;0;0;0;0;13
195;Emergencia Marítima Portuaria 10-18;2015;septiembre;9;0;0;1;0;0;0;0;0;0;0;0;0;1;1;1;0;4
196;Incendio 10-30;2015;septiembre;9;0;0;1;0;0;3;6;0;0;0;0;0;0;9;0;0;19
197;Emergencia Metro de Santiago 10-19;2015;septiembre;9;0;0;0;0;0;0;0;0;0;0;0;0;0;0;0;0;0
198;Estructural 10-0;2015;octubre;10;8;37;23;21;30;111;200;53;74;39;143;100;45;137;20;23;1064
199;Vehículos 10-1;2015;octubre;10;0;12;6;5;13;31;62;10;18;4;17;21;8;12;6;3;228
200;Pastizales y/o Basura 10-2;2015;octubre;10;10;26;34;47;50;112;269;92;52;31;107;94;30;181;27;23;1185
201;Rescate de Emergencia 10-3;2015;octubre;10;7;9;11;8;8;77;272;47;44;25;95;25;11;31;3;5;678
202;Rescate Vehicular 10-4;2015;octubre;10;16;41;34;33;25;174;382;69;108;50;159;77;39;57;22;7;1293
203;Haz-Mat 10-5;2015;octubre;10;1;0;3;1;2;9;12;4;1;3;17;4;1;14;0;1;73
204;Gas 10-6;2015;octubre;10;2;7;10;17;29;63;113;28;22;7;52;41;17;28;2;6;444
205;Eléctrico 10-7;2015;octubre;10;0;3;1;2;0;11;58;7;7;1;11;5;3;4;0;0;113
206;No Clasificado 10-8;2015;octubre;10;0;4;10;4;12;66;62;57;58;9;138;34;15;16;11;4;500
207;Otros Servicios 10-9;2015;octubre;10;4;12;38;56;65;170;255;237;42;33;66;108;39;313;24;28;1490
208;Escombros 10-10;2015;octubre;10;2;8;11;0;0;17;8;0;5;2;3;1;2;8;2;0;69
209;Servicio Aéreo 10-11;2015;octubre;10;0;0;0;1;0;0;0;0;1;1;0;0;0;0;0;1;4
210;Apoyo a otros Cuerpos 10-12;2015;octubre;10;0;1;0;0;3;12;50;10;4;1;6;6;3;2;0;0;98
211;Atentados Terroristas 10-13;2015;octubre;10;0;0;0;0;0;0;1;0;1;0;0;1;0;1;0;0;4
212;Accidentes Aéreos 10-14;2015;octubre;10;0;0;0;0;0;0;0;0;1;0;0;0;0;0;0;0;1
213;Simulacro 10-15;2015;octubre;10;1;3;4;0;0;5;11;0;1;7;6;7;8;12;3;5;73
214;Túnel 10-16;2015;octubre;10;0;0;0;0;0;0;0;0;1;0;0;0;0;0;0;0;1
215;Falsa Alarma 6-16;2015;octubre;10;1;3;1;1;2;4;15;3;2;12;4;6;4;6;2;3;69
216;Inundación 10-17;2015;octubre;10;0;0;0;0;0;0;1;0;1;0;12;0;0;0;0;0;14
217;Emergencia Marítima Portuaria 10-18;2015;octubre;10;0;0;2;0;0;0;0;0;0;0;0;0;0;0;0;0;2
218;Incendio 10-30;2015;octubre;10;0;0;5;0;0;0;9;0;0;0;0;1;0;12;0;0;27
219;Emergencia Metro de Santiago 10-19;2015;octubre;10;0;0;0;0;0;0;0;0;0;0;0;0;0;0;0;0;0
220;Estructural 10-0;2015;Noviembre;11;10;29;24;16;28;69;196;54;59;43;107;124;35;107;17;15;933
221;Vehículos 10-1;2015;Noviembre;11;3;14;12;6;10;34;46;10;13;13;23;17;5;13;2;5;226
222;Pastizales y/o Basura 10-2;2015;Noviembre;11;11;28;38;50;54;290;571;173;204;104;186;113;45;130;13;7;2017
223;Rescate de Emergencia 10-3;2015;Noviembre;11;5;8;15;6;7;86;329;37;66;34;98;18;19;44;3;3;778
224;Rescate Vehicular 10-4;2015;Noviembre;11;15;41;50;24;16;208;388;93;118;50;154;69;18;47;14;2;1307
225;Haz-Mat 10-5;2015;Noviembre;11;1;0;2;0;4;15;8;1;4;3;15;12;5;21;4;0;95
226;Gas 10-6;2015;Noviembre;11;0;11;12;6;11;61;124;13;23;7;46;33;8;24;2;2;383
227;Eléctrico 10-7;2015;Noviembre;11;0;4;2;3;2;11;36;9;4;2;8;6;0;9;0;0;96
228;No Clasificado 10-8;2015;Noviembre;11;13;9;6;1;16;75;55;28;27;14;105;27;7;13;8;4;408
229;Otros Servicios 10-9;2015;Noviembre;11;5;12;26;30;26;197;190;149;42;44;72;124;50;271;24;31;1293
230;Escombros 10-10;2015;Noviembre;11;0;1;0;0;2;20;10;0;8;3;2;3;0;12;0;0;61
231;Servicio Aéreo 10-11;2015;Noviembre;11;0;0;0;1;0;1;0;0;0;1;1;0;0;0;0;0;4
232;Apoyo a otros Cuerpos 10-12;2015;Noviembre;11;0;2;0;7;4;16;60;8;3;8;11;18;3;5;0;0;145
233;Atentados Terroristas 10-13;2015;Noviembre;11;0;0;0;0;0;1;0;0;10;0;1;0;0;0;0;0;12
234;Accidentes Aéreos 10-14;2015;Noviembre;11;0;0;0;0;0;3;0;0;0;0;1;0;0;0;0;0;4
235;Simulacro 10-15;2015;Noviembre;11;3;5;6;0;6;9;30;2;8;1;19;17;12;18;4;1;141
236;Túnel 10-16;2015;Noviembre;11;0;0;0;0;0;0;0;0;0;0;0;0;0;0;0;0;0
237;Falsa Alarma 6-16;2015;Noviembre;11;0;8;1;1;3;9;25;2;4;7;1;6;3;5;1;0;76
238;Inundación 10-17;2015;Noviembre;11;0;0;0;0;0;0;1;0;0;1;1;0;0;0;0;0;3
239;Emergencia Marítima Portuaria 10-18;2015;Noviembre;11;0;0;1;0;0;0;0;0;0;0;0;0;0;0;0;0;1
240;Incendio 10-30;2015;Noviembre;11;0;0;2;0;0;2;21;0;0;0;0;2;0;6;0;0;33
241;Emergencia Metro de Santiago 10-19;2015;Noviembre;11;0;0;0;0;0;0;0;0;0;0;0;0;0;0;0;0;0
242;Estructural 10-0;2015;diciembre;12;4;43;48;12;19;94;209;91;69;28;125;75;26;89;8;31;971
243;Vehículos 10-1;2015;diciembre;12;6;9;25;9;11;28;78;11;10;8;19;16;8;17;2;7;264
244;Pastizales y/o Basura 10-2;2015;diciembre;12;12;18;63;46;85;521;1117;505;633;193;448;185;70;130;8;21;4055
245;Rescate de Emergencia 10-3;2015;diciembre;12;5;6;14;1;12;91;305;39;38;16;90;22;30;48;3;2;722
246;Rescate Vehicular 10-4;2015;diciembre;12;6;52;38;28;17;209;460;108;132;53;187;74;45;58;15;11;1493
247;Haz-Mat 10-5;2015;diciembre;12;1;2;2;1;0;16;10;2;1;1;26;9;3;17;0;0;91
248;Gas 10-6;2015;diciembre;12;2;13;10;8;11;38;89;19;2;5;38;23;6;21;2;4;291
249;Eléctrico 10-7;2015;diciembre;12;1;0;2;4;3;13;33;7;5;1;11;7;3;12;1;0;103
250;No Clasificado 10-8;2015;diciembre;12;2;2;9;2;6;95;61;48;47;17;105;27;10;19;8;9;467
251;Otros Servicios 10-9;2015;diciembre;12;1;22;42;26;31;246;180;169;77;47;63;134;57;309;17;30;1451
252;Escombros 10-10;2015;diciembre;12;2;1;6;0;1;25;20;3;3;4;0;3;1;10;0;2;81
253;Servicio Aéreo 10-11;2015;diciembre;12;0;0;0;0;0;1;0;0;0;0;0;0;0;1;0;0;2
254;Apoyo a otros Cuerpos 10-12;2015;diciembre;12;0;0;1;8;2;25;125;25;18;5;27;5;9;5;0;0;255
255;Atentados Terroristas 10-13;2015;diciembre;12;0;1;0;0;0;1;2;0;1;0;0;0;0;0;0;0;5
256;Accidentes Aéreos 10-14;2015;diciembre;12;0;0;0;0;0;1;0;0;0;0;0;0;0;0;0;0;1
257;Simulacro 10-15;2015;diciembre;12;2;0;1;0;1;13;17;4;9;3;15;5;15;7;7;4;103
258;Túnel 10-16;2015;diciembre;12;0;0;0;0;0;0;0;0;0;0;0;0;0;0;0;0;0
259;Falsa Alarma 6-16;2015;diciembre;12;1;3;1;0;6;10;38;5;12;4;6;6;4;6;1;3;106
260;Inundación 10-17;2015;diciembre;12;0;0;0;0;0;0;0;0;0;0;1;0;0;0;0;0;1
261;Emergencia Marítima Portuaria 10-18;2015;diciembre;12;0;0;1;0;0;0;0;0;0;0;0;0;0;0;0;0;1
262;Incendio 10-30;2015;diciembre;12;0;2;2;0;1;3;41;0;0;0;0;1;1;7;0;0;58
263;Emergencia Metro de Santiago 10-19;2015;diciembre;12;0;0;0;0;0;0;0;0;0;0;0;0;0;0;0;0;0
264;Estructural 10-0;2016;enero;13;13;43;38;17;20;118;193;80;45;48;104;97;33;92;17;21;979
265;Vehículos 10-1;2016;enero;13;5;7;18;4;15;41;71;13;16;16;25;25;10;16;1;8;291
266;Pastizales y/o Basura 10-2;2016;enero;13;17;8;52;52;137;727;861;555;681;225;713;494;150;297;37;38;5044
267;Rescate de Emergencia 10-3;2016;enero;13;9;16;13;6;12;123;321;50;50;40;101;53;39;53;3;3;892
268;Rescate Vehicular 10-4;2016;enero;13;14;30;68;37;65;221;432;139;148;52;178;109;64;81;13;14;1665
269;Haz-Mat 10-5;2016;enero;13;0;0;2;2;1;17;20;5;1;7;14;7;6;27;1;1;111
270;Gas 10-6;2016;enero;13;2;5;9;4;16;45;104;21;16;3;26;12;10;23;0;3;299
271;Eléctrico 10-7;2016;enero;13;0;0;6;2;6;13;63;10;5;5;17;1;7;7;0;3;145
272;No Clasificado 10-8;2016;enero;13;0;5;11;2;16;91;61;111;43;21;122;68;16;28;4;3;602
273;Otros Servicios 10-9;2016;enero;13;8;15;34;63;42;251;184;356;106;86;88;197;99;473;34;30;2066
274;Escombros 10-10;2016;enero;13;2;0;3;0;0;19;22;6;6;2;3;3;6;11;1;0;84
275;Servicio Aéreo 10-11;2016;enero;13;0;0;0;0;0;0;0;0;0;1;0;0;0;0;0;0;1
276;Apoyo a otros Cuerpos 10-12;2016;enero;13;0;1;0;4;2;47;127;41;28;6;29;20;5;3;1;0;314
277;Atentados Terroristas 10-13;2016;enero;13;0;0;0;0;0;7;1;0;1;0;2;0;0;0;0;0;11
278;Accidentes Aéreos 10-14;2016;enero;13;0;0;0;0;0;2;1;0;0;1;0;5;0;0;0;0;9
279;Simulacro 10-15;2016;enero;13;0;0;0;0;1;8;3;11;0;0;0;1;1;4;1;0;30
280;Túnel 10-16;2016;enero;13;0;0;0;0;0;0;1;0;0;0;0;0;0;0;0;0;1
281;Falsa Alarma 6-16;2016;enero;13;1;0;0;2;3;19;35;11;3;4;4;9;6;10;2;5;114
282;Inundación 10-17;2016;enero;13;0;0;1;0;0;0;0;4;0;0;4;1;0;0;0;0;10
283;Emergencia Marítima Portuaria 10-18;2016;enero;13;0;0;12;0;0;0;0;0;1;0;0;0;0;0;0;0;13
284;Incendio 10-30;2016;enero;13;4;1;2;0;0;0;15;0;0;0;1;1;0;12;0;0;36
285;Emergencia Metro de Santiago 10-19;2016;enero;13;0;0;0;0;0;0;0;0;0;0;0;0;0;0;0;0;0
286;Estructural 10-0;2016;febrero;14;3;21;36;13;15;79;188;73;57;38;96;96;21;86;11;29;862
287;Vehículos 10-1;2016;febrero;14;4;11;14;3;4;38;60;20;15;14;30;21;9;14;3;10;270
288;Pastizales y/o Basura 10-2;2016;febrero;14;15;10;41;57;46;682;873;526;641;309;758;913;172;321;17;12;5393
289;Rescate de Emergencia 10-3;2016;febrero;14;11;7;17;7;11;96;277;39;43;33;75;33;35;60;9;0;753
290;Rescate Vehicular 10-4;2016;febrero;14;18;24;70;34;37;232;440;139;164;94;197;126;53;98;16;13;1755
291;Haz-Mat 10-5;2016;febrero;14;2;0;6;1;1;15;13;4;3;1;37;7;2;23;0;1;116
292;Gas 10-6;2016;febrero;14;3;7;9;10;8;45;87;20;15;2;35;31;6;24;1;0;303
293;Eléctrico 10-7;2016;febrero;14;1;0;4;3;6;10;36;13;3;3;9;4;4;5;2;1;104
294;No Clasificado 10-8;2016;febrero;14;1;15;8;2;15;49;53;134;21;11;75;83;10;24;8;6;515
295;Otros Servicios 10-9;2016;febrero;14;12;8;55;74;28;213;149;321;46;61;78;179;62;417;18;25;1746
296;Escombros 10-10;2016;febrero;14;0;2;2;0;2;19;23;6;4;8;13;11;1;19;1;0;111
297;Servicio Aéreo 10-11;2016;febrero;14;0;0;0;0;0;0;1;0;0;0;0;0;0;0;0;0;1
298;Apoyo a otros Cuerpos 10-12;2016;febrero;14;0;0;1;4;2;56;110;55;25;21;29;53;7;30;0;0;393
299;Atentados Terroristas 10-13;2016;febrero;14;0;0;0;0;0;2;1;0;0;0;3;0;1;0;0;0;7
300;Accidentes Aéreos 10-14;2016;febrero;14;1;0;0;0;0;0;0;0;0;0;0;1;0;0;0;0;2
301;Simulacro 10-15;2016;febrero;14;0;0;0;0;0;2;2;2;1;1;2;2;5;0;0;0;17
302;Túnel 10-16;2016;febrero;14;0;0;0;0;0;0;0;0;0;0;0;0;0;0;0;0;0
303;Falsa Alarma 6-16;2016;febrero;14;1;2;1;1;2;17;32;10;11;10;6;18;9;4;2;1;127
304;Inundación 10-17;2016;febrero;14;0;0;0;0;0;0;0;8;0;0;12;0;0;0;0;0;20
305;Emergencia Marítima Portuaria 10-18;2016;febrero;14;0;0;7;0;0;0;0;0;0;0;0;0;0;0;0;1;8
306;Incendio 10-30;2016;febrero;14;1;2;2;0;0;3;28;0;0;0;0;4;0;10;0;0;50
307;Emergencia Metro de Santiago 10-19;2016;febrero;14;0;0;0;0;0;0;0;0;0;0;0;0;0;0;0;0;0
308;Estructural 10-0;2016;marzo;15;5;11;20;16;5;97;166;73;66;32;121;96;52;111;9;19;899
309;Vehículos 10-1;2016;marzo;15;3;5;15;13;11;35;67;14;17;6;24;35;6;13;3;11;278
310;Pastizales y/o Basura 10-2;2016;marzo;15;18;14;39;58;46;420;700;379;465;285;665;1181;247;486;15;7;5025
311;Rescate de Emergencia 10-3;2016;marzo;15;3;10;13;5;10;77;288;49;34;19;84;27;21;38;6;0;684
312;Rescate Vehicular 10-4;2016;marzo;15;10;30;47;51;42;262;422;119;126;79;205;95;32;79;18;9;1626
313;Haz-Mat 10-5;2016;marzo;15;1;0;13;3;0;18;22;2;1;2;28;10;6;19;4;1;130
314;Gas 10-6;2016;marzo;15;2;9;7;5;12;39;107;23;16;10;37;29;11;30;1;8;346
315;Eléctrico 10-7;2016;marzo;15;0;2;2;0;3;13;37;7;3;4;9;7;3;8;1;2;101
316;No Clasificado 10-8;2016;marzo;15;4;17;4;2;13;36;34;110;22;8;120;101;8;25;5;6;515
317;Otros Servicios 10-9;2016;marzo;15;3;21;40;85;58;218;156;314;53;32;83;187;65;432;21;31;1799
318;Escombros 10-10;2016;marzo;15;1;0;0;1;2;19;12;4;6;3;12;20;6;10;1;0;97
319;Servicio Aéreo 10-11;2016;marzo;15;0;0;0;0;0;0;0;0;0;0;0;0;0;0;0;0;0
320;Apoyo a otros Cuerpos 10-12;2016;marzo;15;0;1;0;1;2;28;66;22;12;14;32;66;11;25;0;0;280
321;Atentados Terroristas 10-13;2016;marzo;15;0;0;0;0;1;1;0;1;1;0;0;2;0;0;0;0;6
322;Accidentes Aéreos 10-14;2016;marzo;15;0;0;0;0;0;0;0;0;0;0;0;1;0;0;0;0;1
323;Simulacro 10-15;2016;marzo;15;0;0;0;0;0;8;6;4;0;0;2;6;2;6;0;0;34
324;Túnel 10-16;2016;marzo;15;0;0;0;0;0;0;0;0;0;0;0;0;0;0;0;0;0
325;Falsa Alarma 6-16;2016;marzo;15;0;2;0;0;2;8;23;7;4;4;4;28;7;5;5;0;99
326;Inundación 10-17;2016;marzo;15;0;0;0;0;0;0;0;0;0;0;7;0;0;0;0;0;7
327;Emergencia Marítima Portuaria 10-18;2016;marzo;15;0;0;5;0;0;0;0;0;0;0;0;0;0;0;0;2;7
328;Incendio 10-30;2016;marzo;15;2;1;1;0;1;6;20;0;0;0;0;1;0;6;0;0;38
329;Emergencia Metro de Santiago 10-19;2016;marzo;15;0;0;0;0;0;0;0;0;0;0;0;0;0;0;0;0;0
330;Estructural 10-0;2016;abril;16;4;22;23;7;20;98;179;59;63;51;122;141;48;131;17;16;1001
331;Vehículos 10-1;2016;abril;16;2;3;10;7;10;40;61;7;9;9;20;14;8;19;3;11;233
332;Pastizales y/o Basura 10-2;2016;abril;16;8;14;34;41;42;198;295;165;193;132;196;330;58;149;13;5;1873
333;Rescate de Emergencia 10-3;2016;abril;16;8;5;14;4;8;90;363;58;34;20;82;25;16;45;5;4;781
334;Rescate Vehicular 10-4;2016;abril;16;11;18;53;45;41;220;461;110;138;58;190;93;48;76;28;14;1604
335;Haz-Mat 10-5;2016;abril;16;1;2;10;1;0;25;13;2;3;0;23;12;10;25;2;2;131
336;Gas 10-6;2016;abril;16;2;7;10;15;14;38;127;26;25;5;56;47;5;26;3;4;410
337;Eléctrico 10-7;2016;abril;16;2;0;9;3;8;32;173;24;4;2;20;13;3;6;3;1;303
338;No Clasificado 10-8;2016;abril;16;2;14;19;1;23;147;135;140;41;10;163;62;13;24;4;0;798
339;Otros Servicios 10-9;2016;abril;16;5;24;26;57;108;279;353;637;75;35;61;214;85;445;33;27;2464
340;Escombros 10-10;2016;abril;16;0;0;0;0;5;8;8;4;0;1;6;13;2;24;0;0;71
341;Servicio Aéreo 10-11;2016;abril;16;0;0;0;0;0;0;0;0;0;0;0;0;0;0;0;1;1
342;Apoyo a otros Cuerpos 10-12;2016;abril;16;0;1;2;0;4;6;45;18;1;6;9;21;6;9;1;0;129
343;Atentados Terroristas 10-13;2016;abril;16;0;0;0;0;0;2;0;0;2;0;2;1;0;0;0;0;7
344;Accidentes Aéreos 10-14;2016;abril;16;0;0;0;0;0;2;0;1;0;0;0;0;0;0;0;0;3
345;Simulacro 10-15;2016;abril;16;1;1;0;1;2;7;7;2;8;1;9;4;7;6;1;1;58
346;Túnel 10-16;2016;abril;16;0;1;0;0;0;0;1;0;0;0;1;0;0;0;0;0;3
347;Falsa Alarma 6-16;2016;abril;16;2;0;1;3;3;6;30;6;8;5;1;15;6;3;2;0;91
348;Inundación 10-17;2016;abril;16;0;0;0;0;0;1;17;2;0;3;23;0;0;1;0;0;47
349;Emergencia Marítima Portuaria 10-18;2016;abril;16;0;0;1;0;0;0;0;0;0;0;0;0;0;0;0;0;1
350;Incendio 10-30;2016;abril;16;0;3;4;0;0;0;2;0;0;0;1;3;0;8;0;0;21
351;Emergencia Metro de Santiago 10-19;2016;abril;16;0;0;0;0;0;0;0;0;0;0;0;0;0;0;0;0;0
352;Estructural 10-0;2016;mayo;17;2;24;27;7;13;115;200;78;104;45;127;121;50;136;18;22;1089
353;Vehículos 10-1;2016;mayo;17;8;7;22;4;7;38;60;21;13;10;21;13;5;18;3;8;258
354;Pastizales y/o Basura 10-2;2016;mayo;17;10;12;26;31;23;87;224;38;31;21;21;57;17;127;13;9;747
355;Rescate de Emergencia 10-3;2016;mayo;17;7;4;23;1;4;103;380;29;48;24;83;26;25;35;2;0;794
356;Rescate Vehicular 10-4;2016;mayo;17;13;46;55;37;37;190;451;93;146;60;187;78;43;64;15;11;1526
357;Haz-Mat 10-5;2016;mayo;17;1;2;7;1;4;18;11;1;0;1;19;11;1;14;0;1;92
358;Gas 10-6;2016;mayo;17;4;15;9;27;14;59;175;41;30;11;52;42;2;29;8;2;520
359;Eléctrico 10-7;2016;mayo;17;0;2;4;6;4;23;54;13;11;2;16;8;5;13;0;2;163
360;No Clasificado 10-8;2016;mayo;17;0;11;14;2;18;102;40;90;50;4;117;51;16;20;2;3;540
361;Otros Servicios 10-9;2016;mayo;17;9;21;21;62;72;279;146;335;50;30;59;138;46;423;31;26;1748
362;Escombros 10-10;2016;mayo;17;0;0;0;1;0;13;3;4;1;3;4;3;1;38;3;2;76
363;Servicio Aéreo 10-11;2016;mayo;17;0;0;0;0;0;0;0;0;0;1;1;0;0;1;0;0;3
364;Apoyo a otros Cuerpos 10-12;2016;mayo;17;0;1;0;3;1;4;32;4;10;3;4;7;2;4;0;0;75
365;Atentados Terroristas 10-13;2016;mayo;17;0;0;0;0;0;0;1;0;1;0;0;2;0;0;0;0;4
366;Accidentes Aéreos 10-14;2016;mayo;17;0;0;0;0;0;0;1;0;0;0;0;0;0;0;0;0;1
367;Simulacro 10-15;2016;mayo;17;4;0;1;3;1;7;24;1;5;5;15;15;10;5;2;3;101
368;Túnel 10-16;2016;mayo;17;0;0;0;0;0;0;0;0;0;0;0;0;0;0;0;0;0
369;Falsa Alarma 6-16;2016;mayo;17;2;3;2;0;4;6;21;4;3;4;5;7;6;6;6;2;81
370;Inundación 10-17;2016;mayo;17;0;0;0;0;0;0;1;1;0;0;6;0;0;0;0;0;8
371;Emergencia Marítima Portuaria 10-18;2016;mayo;17;0;0;0;0;0;0;0;0;0;0;0;0;0;0;0;0;0
372;Incendio 10-30;2016;mayo;17;1;0;1;0;0;0;5;0;0;0;2;3;2;19;0;0;33
373;Emergencia Metro de Santiago 10-19;2016;mayo;17;0;0;0;0;0;0;0;0;0;0;0;0;0;0;0;0;0
374;Estructural 10-0;2016;Junio;18;6;30;31;18;15;138;284;110;142;71;211;206;78;174;26;17;1557
375;Vehículos 10-1;2016;Junio;18;5;12;12;6;6;46;56;14;22;4;26;24;10;19;1;4;267
376;Pastizales y/o Basura 10-2;2016;Junio;18;14;17;27;39;62;83;162;42;27;11;44;49;6;71;18;6;678
377;Rescate de Emergencia 10-3;2016;Junio;18;9;4;12;1;15;80;424;45;44;19;98;26;23;37;3;0;840
378;Rescate Vehicular 10-4;2016;Junio;18;9;42;68;40;32;203;490;101;114;49;188;107;47;69;24;10;1593
379;Haz-Mat 10-5;2016;Junio;18;3;0;14;0;0;18;20;3;0;1;18;14;3;8;1;1;104
380;Gas 10-6;2016;Junio;18;4;16;13;19;12;70;217;37;14;11;49;34;16;19;4;2;537
381;Eléctrico 10-7;2016;Junio;18;0;2;18;1;8;16;109;13;6;3;8;4;3;2;1;1;195
382;No Clasificado 10-8;2016;Junio;18;1;9;12;2;19;106;76;48;35;8;114;52;9;27;5;2;525
383;Otros Servicios 10-9;2016;Junio;18;8;12;22;96;96;264;229;321;67;24;72;153;53;439;31;23;1910
384;Escombros 10-10;2016;Junio;18;1;4;1;0;0;6;5;1;2;1;3;7;1;7;1;2;42
385;Servicio Aéreo 10-11;2016;Junio;18;0;0;0;0;0;0;0;0;0;0;0;0;0;0;0;0;0
386;Apoyo a otros Cuerpos 10-12;2016;Junio;18;0;3;0;1;2;9;54;9;0;5;22;15;1;2;0;0;123
387;Atentados Terroristas 10-13;2016;Junio;18;0;0;0;0;1;0;0;0;0;0;0;0;1;0;0;0;2
388;Accidentes Aéreos 10-14;2016;Junio;18;0;0;0;0;0;1;0;0;0;0;0;0;0;0;0;0;1
389;Simulacro 10-15;2016;Junio;18;1;1;3;1;5;13;14;5;5;0;4;13;15;16;3;1;100
390;Túnel 10-16;2016;Junio;18;0;0;0;0;0;1;0;0;0;0;0;0;0;0;0;0;1
391;Falsa Alarma 6-16;2016;Junio;18;0;1;2;2;2;8;21;4;1;1;4;11;3;2;2;1;65
392;Inundación 10-17;2016;Junio;18;0;0;0;0;0;0;2;0;0;0;3;0;0;1;0;0;6
393;Emergencia Marítima Portuaria 10-18;2016;Junio;18;0;0;2;0;0;0;0;0;0;0;0;0;0;0;0;0;2
394;Incendio 10-30;2016;Junio;18;1;1;2;0;0;1;10;0;0;0;3;2;0;11;0;0;31
395;Emergencia Metro de Santiago 10-19;2016;Junio;18;0;0;0;0;0;0;0;0;0;0;0;0;0;0;0;0;0
396;Estructural 10-0;2016;Julio;19;2;19;30;11;19;124;252;81;123;47;210;174;91;191;33;19;1426
397;Vehículos 10-1;2016;Julio;19;2;13;21;4;8;36;73;14;17;10;12;21;2;17;4;8;262
398;Pastizales y/o Basura 10-2;2016;Julio;19;15;15;27;32;47;65;158;38;24;9;30;20;8;86;9;6;589
399;Rescate de Emergencia 10-3;2016;Julio;19;8;6;14;4;10;82;405;37;50;18;86;44;26;71;2;1;864
400;Rescate Vehicular 10-4;2016;Julio;19;13;39;65;38;40;217;468;122;137;51;183;107;37;93;20;14;1644
401;Haz-Mat 10-5;2016;Julio;19;3;0;8;1;0;22;17;3;1;1;29;10;3;18;0;1;117
402;Gas 10-6;2016;Julio;19;2;9;13;21;19;55;190;22;35;12;58;38;2;34;2;2;514
403;Eléctrico 10-7;2016;Julio;19;2;0;7;2;3;18;96;18;15;16;15;7;1;4;0;2;206
404;No Clasificado 10-8;2016;Julio;19;3;32;21;0;18;95;66;103;90;76;159;40;9;29;2;4;747
405;Otros Servicios 10-9;2016;Julio;19;9;18;30;61;51;240;186;471;144;81;160;185;63;414;28;22;2163
406;Escombros 10-10;2016;Julio;19;2;2;1;0;0;7;5;5;9;1;3;7;1;14;0;0;57
407;Servicio Aéreo 10-11;2016;Julio;19;0;0;0;0;0;0;0;0;0;0;0;0;0;0;0;0;0
408;Apoyo a otros Cuerpos 10-12;2016;Julio;19;0;1;0;0;0;14;78;11;6;1;7;5;6;1;0;0;130
409;Atentados Terroristas 10-13;2016;Julio;19;0;0;0;0;0;0;2;0;1;0;0;0;0;0;0;0;3
410;Accidentes Aéreos 10-14;2016;Julio;19;0;0;0;0;0;0;0;0;0;0;0;0;0;0;0;0;0
411;Simulacro 10-15;2016;Julio;19;2;1;1;2;1;11;15;2;1;1;6;5;12;6;4;0;70
412;Túnel 10-16;2016;Julio;19;0;0;0;0;0;0;0;0;0;0;0;0;0;0;0;0;0
413;Falsa Alarma 6-16;2016;Julio;19;2;2;0;2;3;9;20;7;4;3;4;7;3;4;0;3;73
414;Inundación 10-17;2016;Julio;19;0;0;0;0;0;1;2;7;1;1;51;0;3;0;0;0;66
415;Emergencia Marítima Portuaria 10-18;2016;Julio;19;0;0;2;0;0;0;0;0;0;0;0;0;0;0;0;0;2
416;Incendio 10-30;2016;Julio;19;2;3;0;0;1;1;9;0;2;0;0;8;0;12;0;0;38
417;Emergencia Metro de Santiago 10-19;2016;Julio;19;0;0;0;0;0;0;1;0;0;0;0;0;0;0;0;0;1
418;Estructural 10-0;2016;Agosto;20;3;31;27;24;23;99;223;80;98;69;179;191;68;179;37;19;1350
419;Vehículos 10-1;2016;Agosto;20;4;10;16;8;6;33;67;13;20;6;20;15;6;13;1;7;245
420;Pastizales y/o Basura 10-2;2016;Agosto;20;14;11;43;49;45;116;268;141;53;5;10;10;5;50;8;2;830
421;Rescate de Emergencia 10-3;2016;Agosto;20;3;2;18;6;8;111;346;40;41;29;96;36;26;53;1;4;820
422;Rescate Vehicular 10-4;2016;Agosto;20;11;19;60;30;46;189;456;100;88;63;160;81;43;92;28;6;1472
423;Haz-Mat 10-5;2016;Agosto;20;2;0;15;9;3;27;15;3;0;2;21;6;6;20;0;0;129
424;Gas 10-6;2016;Agosto;20;3;3;12;15;16;49;139;33;24;13;60;43;4;25;7;3;449
425;Eléctrico 10-7;2016;Agosto;20;0;1;7;3;1;8;64;7;6;0;20;5;2;9;0;2;135
426;No Clasificado 10-8;2016;Agosto;20;1;14;7;0;18;50;37;69;31;15;115;41;9;17;18;7;449
427;Otros Servicios 10-9;2016;Agosto;20;10;22;21;62;54;299;157;302;49;32;98;145;69;461;22;13;1816
428;Escombros 10-10;2016;Agosto;20;2;1;5;1;7;7;3;1;6;1;7;4;0;10;1;0;56
429;Servicio Aéreo 10-11;2016;Agosto;20;0;0;0;0;0;0;0;0;0;2;0;0;0;0;0;0;2
430;Apoyo a otros Cuerpos 10-12;2016;Agosto;20;0;0;0;2;6;3;58;14;5;5;8;7;3;9;0;0;120
431;Atentados Terroristas 10-13;2016;Agosto;20;0;0;0;0;0;0;2;0;3;0;0;0;0;0;0;0;5
432;Accidentes Aéreos 10-14;2016;Agosto;20;0;0;0;0;0;1;2;0;2;0;0;0;1;0;0;0;6
433;Simulacro 10-15;2016;Agosto;20;2;1;1;1;0;8;10;3;3;2;14;6;5;10;2;0;68
434;Túnel 10-16;2016;Agosto;20;0;0;0;0;0;0;0;0;0;0;0;0;0;0;0;0;0
435;Falsa Alarma 6-16;2016;Agosto;20;0;1;3;1;5;6;25;9;1;3;4;5;1;8;1;1;74
436;Inundación 10-17;2016;Agosto;20;0;0;0;0;0;1;2;1;0;0;9;2;2;0;0;0;17
437;Emergencia Marítima Portuaria 10-18;2016;Agosto;20;0;0;3;0;0;0;0;0;0;0;0;0;0;0;0;0;3
438;Incendio 10-30;2016;Agosto;20;1;1;0;0;0;1;12;0;5;0;0;1;1;12;0;0;34
439;Emergencia Metro de Santiago 10-19;2016;Agosto;20;0;0;0;0;0;0;3;0;0;0;1;0;0;0;0;0;4
440;Estructural 10-0;2016;septiembre;21;5;16;35;19;26;121;259;108;87;53;156;135;59;150;25;26;1280
441;Vehículos 10-1;2016;septiembre;21;3;13;4;8;14;20;70;12;19;11;21;20;2;7;4;4;232
442;Pastizales y/o Basura 10-2;2016;septiembre;21;17;10;41;32;56;212;412;240;243;101;200;242;35;99;30;15;1985
443;Rescate de Emergencia 10-3;2016;septiembre;21;6;4;14;2;11;95;347;59;37;24;108;48;19;38;5;1;818
444;Rescate Vehicular 10-4;2016;septiembre;21;10;26;49;31;34;210;492;115;106;60;171;81;39;53;25;4;1506
445;Haz-Mat 10-5;2016;septiembre;21;2;0;17;4;3;24;18;1;0;0;21;6;2;23;1;1;123
446;Gas 10-6;2016;septiembre;21;3;4;16;10;23;37;151;22;17;11;58;29;14;33;2;5;435
447;Eléctrico 10-7;2016;septiembre;21;0;3;5;5;1;6;71;4;9;4;8;7;4;5;1;0;133
448;No Clasificado 10-8;2016;septiembre;21;1;16;8;1;15;60;27;66;37;9;117;53;13;14;2;2;441
449;Otros Servicios 10-9;2016;septiembre;21;12;19;29;64;47;255;218;308;62;28;130;165;48;418;24;20;1847
450;Escombros 10-10;2016;septiembre;21;0;1;4;1;7;12;15;1;6;1;9;6;0;14;2;3;82
451;Servicio Aéreo 10-11;2016;septiembre;21;0;0;0;0;0;0;0;0;0;0;0;0;0;0;0;0;0
452;Apoyo a otros Cuerpos 10-12;2016;septiembre;21;0;0;3;1;4;11;77;12;9;1;14;11;3;1;0;0;147
453;Atentados Terroristas 10-13;2016;septiembre;21;0;0;0;0;0;0;1;0;2;0;0;0;0;0;0;0;3
454;Accidentes Aéreos 10-14;2016;septiembre;21;0;0;0;0;0;0;0;0;0;0;0;0;0;0;0;0;0
455;Simulacro 10-15;2016;septiembre;21;1;0;0;1;4;14;14;2;8;2;13;11;6;8;2;1;87
456;Túnel 10-16;2016;septiembre;21;0;0;0;0;0;0;0;0;0;0;0;0;0;0;0;0;0
457;Falsa Alarma 6-16;2016;septiembre;21;0;0;0;0;4;9;22;8;8;1;1;6;4;6;2;0;71
458;Inundación 10-17;2016;septiembre;21;0;0;0;0;0;0;1;3;0;0;8;0;0;1;0;0;13
459;Emergencia Marítima Portuaria 10-18;2016;septiembre;21;0;0;1;0;0;0;0;0;0;0;0;0;0;0;0;0;1
460;Incendio 10-30;2016;septiembre;21;0;2;6;0;2;2;13;1;2;0;0;5;0;14;0;0;47
461;Emergencia Metro de Santiago 10-19;2016;septiembre;21;0;0;0;0;0;0;3;0;0;0;0;0;0;0;0;0;3
462;Estructural 10-0;2016;octubre;22;1;33;36;20;32;116;200;71;84;41;124;122;37;149;16;16;1098
463;Vehículos 10-1;2016;octubre;22;5;17;13;9;9;39;60;11;25;2;17;15;6;11;3;5;247
464;Pastizales y/o Basura 10-2;2016;octubre;22;19;24;42;58;85;386;586;248;156;54;104;103;26;133;20;10;2054
465;Rescate de Emergencia 10-3;2016;octubre;22;11;8;22;4;13;110;332;54;58;41;92;28;19;54;3;1;850
466;Rescate Vehicular 10-4;2016;octubre;22;4;49;45;28;44;196;435;122;137;54;166;97;37;73;18;13;1518
467;Haz-Mat 10-5;2016;octubre;22;1;2;10;3;1;23;23;5;4;1;22;9;8;18;0;1;131
468;Gas 10-6;2016;octubre;22;2;19;14;8;16;45;95;26;24;11;45;32;9;30;2;3;381
469;Eléctrico 10-7;2016;octubre;22;2;4;2;3;4;19;99;10;8;2;12;6;2;11;1;0;185
470;No Clasificado 10-8;2016;octubre;22;1;9;12;0;14;66;44;61;63;18;169;67;15;21;2;2;564
471;Otros Servicios 10-9;2016;octubre;22;4;34;25;51;53;283;153;310;78;41;112;168;22;444;41;8;1827
472;Escombros 10-10;2016;octubre;22;1;5;1;2;7;17;10;2;3;3;5;8;0;9;3;0;76
473;Servicio Aéreo 10-11;2016;octubre;22;0;0;0;0;0;0;0;0;0;0;0;0;0;0;0;0;0
474;Apoyo a otros Cuerpos 10-12;2016;octubre;22;0;3;0;11;7;46;149;24;3;0;13;4;0;1;0;0;261
475;Atentados Terroristas 10-13;2016;octubre;22;0;0;0;0;0;1;0;0;1;0;0;0;0;0;0;0;2
476;Accidentes Aéreos 10-14;2016;octubre;22;0;0;0;0;0;0;0;0;0;0;0;1;0;0;0;0;1
477;Simulacro 10-15;2016;octubre;22;1;0;0;2;3;8;14;8;3;1;22;13;4;12;5;2;98
478;Túnel 10-16;2016;octubre;22;0;0;0;0;0;0;1;0;0;0;0;0;0;0;0;0;1
479;Falsa Alarma 6-16;2016;octubre;22;0;3;0;1;5;7;21;6;2;2;2;7;3;9;3;0;71
480;Inundación 10-17;2016;octubre;22;0;0;0;0;0;0;0;11;0;0;7;0;0;0;0;0;18
481;Emergencia Marítima Portuaria 10-18;2016;octubre;22;0;0;1;0;0;0;0;0;0;0;0;0;0;0;0;0;1
482;Incendio 10-30;2016;octubre;22;1;2;3;0;1;1;10;0;0;0;0;2;0;14;0;0;34
483;Emergencia Metro de Santiago 10-19;2016;octubre;22;0;0;0;0;0;0;0;0;0;0;0;0;0;0;0;0;0
484;Estructural 10-0;2016;Noviembre;23;9;21;31;17;32;119;233;60;61;23;89;84;39;103;21;19;961
485;Vehículos 10-1;2016;Noviembre;23;4;15;10;4;8;44;78;10;11;6;20;22;6;14;0;9;261
486;Pastizales y/o Basura 10-2;2016;Noviembre;23;18;16;34;38;75;815;1206;456;312;115;273;158;37;178;14;13;3758
487;Rescate de Emergencia 10-3;2016;Noviembre;23;4;6;22;3;9;98;302;45;52;28;83;23;17;37;7;4;740
488;Rescate Vehicular 10-4;2016;Noviembre;23;7;36;62;25;31;175;468;93;108;51;151;81;23;82;12;13;1418
489;Haz-Mat 10-5;2016;Noviembre;23;2;1;2;2;1;23;12;1;0;0;14;13;9;23;0;0;103
490;Gas 10-6;2016;Noviembre;23;2;10;11;11;13;32;108;21;23;6;26;31;8;25;2;3;332
491;Eléctrico 10-7;2016;Noviembre;23;0;3;1;7;6;17;59;6;7;2;11;11;2;6;0;1;139
492;No Clasificado 10-8;2016;Noviembre;23;4;19;12;1;17;61;39;46;61;8;103;50;8;23;4;6;462
493;Otros Servicios 10-9;2016;Noviembre;23;2;9;20;59;32;238;176;354;94;59;86;197;50;485;48;28;1937
494;Escombros 10-10;2016;Noviembre;23;0;2;1;4;5;20;39;7;7;3;5;7;1;10;2;0;113
495;Servicio Aéreo 10-11;2016;Noviembre;23;0;0;0;0;0;0;0;0;0;2;1;0;0;0;0;0;3
496;Apoyo a otros Cuerpos 10-12;2016;Noviembre;23;0;1;0;1;16;124;287;67;7;2;14;9;1;3;1;0;533
497;Atentados Terroristas 10-13;2016;Noviembre;23;0;0;0;0;0;0;1;0;2;0;0;0;1;0;0;0;4
498;Accidentes Aéreos 10-14;2016;Noviembre;23;0;0;0;0;0;1;1;0;0;0;0;0;0;0;0;0;2
499;Simulacro 10-15;2016;Noviembre;23;3;2;2;1;3;22;13;8;5;3;20;22;3;18;8;3;136
500;Túnel 10-16;2016;Noviembre;23;0;0;0;0;0;1;0;0;0;0;0;0;0;0;0;0;1
501;Falsa Alarma 6-16;2016;Noviembre;23;0;1;0;2;1;16;28;8;8;7;2;1;5;6;2;0;87
502;Inundación 10-17;2016;Noviembre;23;0;0;0;0;0;0;0;3;0;0;2;0;1;0;0;0;6
503;Emergencia Marítima Portuaria 10-18;2016;Noviembre;23;0;0;1;0;0;0;0;0;0;0;0;0;0;0;0;0;1
504;Incendio 10-30;2016;Noviembre;23;2;1;2;0;0;11;37;0;0;0;0;3;0;9;0;0;65
505;Emergencia Metro de Santiago 10-19;2016;Noviembre;23;0;0;0;0;0;0;0;0;0;0;0;0;0;0;0;0;0
506;Estructural 10-0;2016;diciembre;24;4;23;26;7;25;110;225;74;74;18;104;68;32;110;19;15;934
507;Vehículos 10-1;2016;diciembre;24;2;10;16;5;14;37;71;13;17;2;23;12;10;18;1;5;256
508;Pastizales y/o Basura 10-2;2016;diciembre;24;17;6;41;29;86;674;872;657;606;155;437;165;50;100;13;15;3923
509;Rescate de Emergencia 10-3;2016;diciembre;24;6;6;25;5;16;80;344;46;60;19;93;48;24;54;6;4;836
510;Rescate Vehicular 10-4;2016;diciembre;24;8;26;69;32;41;190;474;97;154;52;198;101;40;85;20;10;1597
511;Haz-Mat 10-5;2016;diciembre;24;2;0;9;2;4;25;18;2;1;2;22;13;4;29;2;0;135
512;Gas 10-6;2016;diciembre;24;2;5;15;8;9;28;101;23;20;5;41;27;9;13;1;1;308
513;Eléctrico 10-7;2016;diciembre;24;0;2;5;7;2;20;98;13;8;4;10;6;4;12;2;1;194
514;No Clasificado 10-8;2016;diciembre;24;14;18;14;0;16;74;43;62;51;10;112;48;10;31;7;2;512
515;Otros Servicios 10-9;2016;diciembre;24;4;18;26;60;38;255;203;300;125;46;101;165;86;563;28;16;2034
516;Escombros 10-10;2016;diciembre;24;0;0;10;2;3;25;49;10;7;1;2;10;0;9;0;0;128
517;Servicio Aéreo 10-11;2016;diciembre;24;0;0;0;0;0;2;1;0;0;1;0;0;0;0;0;0;4
518;Apoyo a otros Cuerpos 10-12;2016;diciembre;24;0;3;0;0;13;147;213;153;36;9;23;23;1;1;0;0;622
519;Atentados Terroristas 10-13;2016;diciembre;24;0;0;0;0;0;0;1;0;3;0;2;0;0;0;0;0;6
520;Accidentes Aéreos 10-14;2016;diciembre;24;0;0;0;0;0;0;0;0;2;0;1;0;0;0;0;0;3
521;Simulacro 10-15;2016;diciembre;24;6;0;2;0;5;5;18;1;6;5;28;17;5;9;3;1;111
522;Túnel 10-16;2016;diciembre;24;0;0;0;0;0;0;1;0;0;0;0;0;0;1;0;0;2
523;Falsa Alarma 6-16;2016;diciembre;24;0;1;0;5;5;10;22;8;5;11;7;5;2;4;1;0;86
524;Inundación 10-17;2016;diciembre;24;0;0;0;0;0;0;0;3;0;0;18;0;0;0;0;0;21
525;Emergencia Marítima Portuaria 10-18;2016;diciembre;24;0;0;5;0;0;0;0;0;0;0;0;0;0;0;0;0;5
526;Incendio 10-30;2016;diciembre;24;2;1;2;0;0;3;35;0;0;0;0;3;0;12;0;0;58
527;Emergencia Metro de Santiago 10-19;2016;diciembre;24;0;0;0;0;0;0;0;0;0;0;0;0;0;0;0;0;0
528;Estructural 10-0;2017;enero;25;5;27;30;17;24;99;281;87;91;62;151;96;35;82;22;24;1133
529;Vehículos 10-1;2017;enero;25;6;14;18;5;18;34;82;20;29;6;30;31;15;25;0;4;337
530;Pastizales y/o Basura 10-2;2017;enero;25;26;19;32;41;133;886;1257;801;1323;628;1148;499;78;180;6;12;7069
531;Rescate de Emergencia 10-3;2017;enero;25;6;3;26;15;12;122;308;43;42;29;103;36;20;42;2;4;813
532;Rescate Vehicular 10-4;2017;enero;25;12;29;83;39;42;237;464;149;158;62;211;147;43;93;24;5;1798
533;Haz-Mat 10-5;2017;enero;25;2;2;8;0;1;16;21;7;0;3;25;9;4;21;1;1;121
534;Gas 10-6;2017;enero;25;3;8;11;8;9;28;123;19;19;7;30;24;11;39;2;4;345
535;Eléctrico 10-7;2017;enero;25;0;0;5;6;6;9;77;13;7;9;16;14;5;13;2;2;184
536;No Clasificado 10-8;2017;enero;25;4;22;44;4;18;91;43;39;46;27;122;48;30;25;0;1;564
537;Otros Servicios 10-9;2017;enero;25;5;14;46;81;24;255;162;241;82;47;154;269;96;547;22;40;2085
538;Escombros 10-10;2017;enero;25;0;0;1;1;4;34;68;25;38;7;21;9;2;7;0;0;217
539;Servicio Aéreo 10-11;2017;enero;25;0;0;0;0;0;2;1;0;1;0;0;0;0;0;0;0;4
540;Apoyo a otros Cuerpos 10-12;2017;enero;25;0;1;3;3;22;235;381;449;353;169;260;67;11;8;0;0;1962
541;Atentados Terroristas 10-13;2017;enero;25;0;0;0;0;0;0;0;1;1;0;0;2;0;0;0;0;4
542;Accidentes Aéreos 10-14;2017;enero;25;0;0;0;0;0;0;1;1;0;0;3;1;0;0;0;0;6
543;Simulacro 10-15;2017;enero;25;0;0;0;0;0;1;6;0;2;0;16;4;3;4;1;0;37
544;Túnel 10-16;2017;enero;25;0;0;1;0;0;0;0;0;0;0;0;0;0;0;0;0;1
545;Falsa Alarma 6-16;2017;enero;25;1;4;0;0;10;19;35;17;26;24;21;18;10;14;0;0;199
546;Inundación 10-17;2017;enero;25;0;0;0;1;1;0;0;2;0;0;1;0;0;2;0;0;7
547;Emergencia Marítima Portuaria 10-18;2017;enero;25;0;0;0;0;0;0;0;0;0;0;2;0;0;0;0;0;2
548;Incendio 10-30;2017;enero;25;1;0;1;0;0;5;29;0;1;0;0;0;2;10;0;0;49
549;Emergencia Metro de Santiago 10-19;2017;enero;25;0;0;0;0;0;0;4;0;0;0;0;0;0;0;0;0;4
550;Estructural 10-0;2017;febrero;26;8;13;22;16;23;98;169;47;46;21;79;72;40;75;10;19;758
551;Vehículos 10-1;2017;febrero;26;2;5;13;6;15;35;52;15;20;11;12;22;5;20;4;3;240
552;Pastizales y/o Basura 10-2;2017;febrero;26;12;6;31;22;73;476;635;323;414;177;468;289;73;107;5;11;3122
553;Rescate de Emergencia 10-3;2017;febrero;26;8;4;25;13;10;117;276;40;42;28;73;35;35;65;4;3;778
554;Rescate Vehicular 10-4;2017;febrero;26;11;18;61;43;50;204;427;124;158;69;202;149;72;101;23;5;1717
555;Haz-Mat 10-5;2017;febrero;26;2;0;8;2;1;16;25;1;3;0;15;6;8;30;8;1;126
556;Gas 10-6;2017;febrero;26;3;1;12;9;9;30;85;23;19;8;35;22;6;26;2;3;293
557;Eléctrico 10-7;2017;febrero;26;1;1;4;2;5;15;48;4;7;3;7;10;4;8;3;1;123
558;No Clasificado 10-8;2017;febrero;26;5;7;20;1;10;70;54;42;49;36;121;34;10;22;2;2;485
559;Otros Servicios 10-9;2017;febrero;26;2;19;51;58;34;172;426;213;90;38;96;178;96;606;16;31;2126
560;Escombros 10-10;2017;febrero;26;1;0;1;0;1;11;16;16;32;1;10;10;3;16;0;0;118
561;Servicio Aéreo 10-11;2017;febrero;26;0;0;0;0;0;0;0;0;0;0;0;0;0;0;0;0;0
562;Apoyo a otros Cuerpos 10-12;2017;febrero;26;0;0;1;2;4;50;186;43;57;17;58;14;2;2;0;0;436
563;Atentados Terroristas 10-13;2017;febrero;26;0;0;0;0;0;0;1;0;1;0;0;0;2;0;0;0;4
564;Accidentes Aéreos 10-14;2017;febrero;26;0;0;0;0;0;0;0;0;1;0;0;0;0;0;0;0;1
565;Simulacro 10-15;2017;febrero;26;1;0;0;1;0;2;3;1;0;0;7;1;2;1;0;1;20
566;Túnel 10-16;2017;febrero;26;0;0;0;0;0;0;0;0;0;0;0;0;0;0;0;0;0
567;Falsa Alarma 6-16;2017;febrero;26;0;0;2;1;4;15;19;13;11;4;8;16;6;6;3;3;111
568;Inundación 10-17;2017;febrero;26;0;0;0;0;0;0;0;3;0;0;6;0;0;0;0;0;9
569;Emergencia Marítima Portuaria 10-18;2017;febrero;26;0;0;3;0;0;0;0;0;0;0;0;0;0;0;0;0;3
570;Incendio 10-30;2017;febrero;26;0;0;3;0;1;0;22;0;3;0;2;0;2;6;0;0;39
571;Emergencia Metro de Santiago 10-19;2017;febrero;26;0;0;0;0;0;0;0;0;0;0;0;0;0;0;0;0;0
572;Estructural 10-0;2017;marzo;27;3;25;34;12;20;111;217;72;69;23;98;96;39;81;13;15;928
573;Vehículos 10-1;2017;marzo;27;2;9;8;6;14;40;77;20;26;6;18;25;9;21;3;6;290
574;Pastizales y/o Basura 10-2;2017;marzo;27;14;18;31;31;77;501;657;358;446;209;271;257;50;87;13;7;3027
575;Rescate de Emergencia 10-3;2017;marzo;27;7;10;19;7;9;114;336;51;45;25;128;30;22;65;4;2;874
576;Rescate Vehicular 10-4;2017;marzo;27;10;29;60;33;45;184;473;112;134;52;204;107;41;81;24;10;1599
577;Haz-Mat 10-5;2017;marzo;27;3;1;16;3;7;26;12;6;0;3;21;11;3;36;0;0;148
578;Gas 10-6;2017;marzo;27;2;13;15;9;13;41;133;29;14;8;46;26;10;27;2;4;392
579;Eléctrico 10-7;2017;marzo;27;1;0;3;2;2;9;52;8;8;3;7;7;4;8;2;0;116
580;No Clasificado 10-8;2017;marzo;27;2;14;8;4;15;60;53;42;33;18;130;36;27;25;11;1;479
581;Otros Servicios 10-9;2017;marzo;27;11;23;29;64;56;221;185;285;81;40;110;150;49;485;28;27;1844
582;Escombros 10-10;2017;marzo;27;0;3;1;1;2;12;18;14;8;2;9;4;5;7;1;1;88
583;Servicio Aéreo 10-11;2017;marzo;27;0;0;0;0;0;0;0;0;0;0;0;0;0;0;0;0;0
584;Apoyo a otros Cuerpos 10-12;2017;marzo;27;0;1;0;2;5;54;116;34;30;15;13;7;4;2;0;0;283
585;Atentados Terroristas 10-13;2017;marzo;27;0;0;0;0;0;0;1;0;3;0;0;0;0;1;0;0;5
586;Accidentes Aéreos 10-14;2017;marzo;27;0;0;0;0;0;0;0;0;0;0;0;0;0;0;0;0;0
587;Simulacro 10-15;2017;marzo;27;1;0;1;0;1;2;4;1;3;0;18;15;1;7;1;0;55
588;Túnel 10-16;2017;marzo;27;0;0;0;0;0;0;0;0;0;0;0;0;0;0;0;0;0
589;Falsa Alarma 6-16;2017;marzo;27;1;1;1;0;3;9;27;10;6;11;6;11;3;2;0;1;92
590;Inundación 10-17;2017;marzo;27;0;0;0;1;0;0;0;4;0;0;1;0;0;0;0;0;6
591;Emergencia Marítima Portuaria 10-18;2017;marzo;27;0;0;4;0;0;0;0;0;0;0;4;0;0;0;0;0;8
592;Incendio 10-30;2017;marzo;27;0;2;2;0;0;1;9;0;2;0;0;1;5;11;0;0;33
593;Emergencia Metro de Santiago 10-19;2017;marzo;27;0;0;0;0;0;0;1;0;0;0;0;0;0;0;0;0;1
594;Estructural 10-0;2017;abril;28;4;29;30;21;20;117;204;70;76;26;117;105;52;93;20;27;1011
595;Vehículos 10-1;2017;abril;28;5;10;12;7;7;33;71;18;24;3;21;17;9;24;2;9;272
596;Pastizales y/o Basura 10-2;2017;abril;28;7;7;22;30;56;405;556;223;271;152;177;137;46;77;6;4;2176
597;Rescate de Emergencia 10-3;2017;abril;28;2;7;11;8;15;93;346;50;35;23;121;37;9;46;1;3;807
598;Rescate Vehicular 10-4;2017;abril;28;3;23;38;33;54;191;442;134;129;71;213;86;39;90;18;9;1573
599;Haz-Mat 10-5;2017;abril;28;5;6;13;5;2;29;20;2;0;0;17;8;4;34;3;1;149
600;Gas 10-6;2017;abril;28;5;7;11;10;16;54;159;27;23;6;40;36;11;38;1;3;447
601;Eléctrico 10-7;2017;abril;28;0;0;1;6;5;11;88;8;5;1;7;8;4;9;1;1;155
602;No Clasificado 10-8;2017;abril;28;5;5;12;6;15;60;33;51;27;18;142;43;14;14;2;3;450
603;Otros Servicios 10-9;2017;abril;28;4;12;45;59;46;195;227;297;118;35;93;178;53;563;22;21;1968
604;Escombros 10-10;2017;abril;28;2;1;2;3;0;12;12;5;6;1;1;6;5;4;1;0;61
605;Servicio Aéreo 10-11;2017;abril;28;0;0;0;0;0;0;0;1;0;2;0;0;0;0;0;0;3
606;Apoyo a otros Cuerpos 10-12;2017;abril;28;0;0;0;2;1;16;81;16;15;3;3;12;7;3;0;0;159
607;Atentados Terroristas 10-13;2017;abril;28;0;0;1;0;0;0;0;0;0;0;0;1;0;0;0;0;2
608;Accidentes Aéreos 10-14;2017;abril;28;0;0;0;0;0;0;0;0;1;0;0;0;0;1;0;0;2
609;Simulacro 10-15;2017;abril;28;1;1;1;1;3;8;3;5;6;0;10;4;2;8;0;1;54
610;Túnel 10-16;2017;abril;28;0;0;0;0;0;0;1;0;0;0;0;0;0;0;0;0;1
611;Falsa Alarma 6-16;2017;abril;28;0;0;0;3;5;9;16;6;5;4;5;7;4;5;0;0;69
612;Inundación 10-17;2017;abril;28;0;0;0;0;0;0;0;1;0;1;60;0;0;2;0;0;64
613;Emergencia Marítima Portuaria 10-18;2017;abril;28;0;0;3;0;0;0;0;0;0;0;2;0;0;0;0;0;5
614;Incendio 10-30;2017;abril;28;1;2;3;0;0;0;14;0;0;0;0;1;1;12;0;0;34
615;Emergencia Metro de Santiago 10-19;2017;abril;28;0;0;0;0;0;0;0;0;0;0;0;0;0;0;0;0;0
616;Estructural 10-0;2017;mayo;29;2;33;33;11;17;113;252;90;110;59;194;174;68;167;32;14;1369
617;Vehículos 10-1;2017;mayo;29;2;9;11;7;9;34;64;15;17;5;10;19;7;20;4;8;241
618;Pastizales y/o Basura 10-2;2017;mayo;29;8;8;18;12;34;155;230;108;73;28;56;36;9;37;6;7;825
619;Rescate de Emergencia 10-3;2017;mayo;29;6;5;12;15;36;99;388;42;43;9;111;32;23;68;4;1;894
620;Rescate Vehicular 10-4;2017;mayo;29;7;34;56;36;61;193;472;123;154;57;223;108;44;91;12;14;1685
621;Haz-Mat 10-5;2017;mayo;29;0;10;17;1;3;27;15;5;2;0;16;7;3;29;0;0;135
622;Gas 10-6;2017;mayo;29;4;6;30;16;20;46;220;27;24;14;70;37;6;50;3;9;582
623;Eléctrico 10-7;2017;mayo;29;0;0;9;16;20;16;153;13;4;5;23;11;0;10;0;2;282
624;No Clasificado 10-8;2017;mayo;29;1;15;10;19;115;140;35;47;36;29;174;41;21;34;1;13;731
625;Otros Servicios 10-9;2017;mayo;29;6;12;32;118;337;251;182;263;91;41;99;194;46;743;27;20;2462
626;Escombros 10-10;2017;mayo;29;0;6;1;0;4;4;14;5;8;2;6;5;0;9;0;1;65
627;Servicio Aéreo 10-11;2017;mayo;29;0;0;0;0;0;0;0;0;0;1;0;0;0;0;0;0;1
628;Apoyo a otros Cuerpos 10-12;2017;mayo;29;0;5;0;5;0;15;85;13;9;3;12;7;2;2;0;0;158
629;Atentados Terroristas 10-13;2017;mayo;29;0;0;0;0;0;0;0;0;1;0;1;0;0;0;0;0;2
630;Accidentes Aéreos 10-14;2017;mayo;29;0;0;0;0;0;0;0;0;1;0;0;1;0;0;0;0;2
631;Simulacro 10-15;2017;mayo;29;2;0;1;2;2;5;18;2;5;4;8;25;4;11;5;4;98
632;Túnel 10-16;2017;mayo;29;0;0;0;0;0;0;0;0;0;0;1;0;0;0;0;0;1
633;Falsa Alarma 6-16;2017;mayo;29;0;2;0;6;2;9;17;6;3;3;2;10;2;2;4;1;69
634;Inundación 10-17;2017;mayo;29;0;0;0;1;4;0;0;1;1;3;32;0;0;9;0;0;51
635;Emergencia Marítima Portuaria 10-18;2017;mayo;29;0;0;1;0;0;0;0;0;0;0;1;0;0;0;0;0;2
636;Incendio 10-30;2017;mayo;29;0;3;1;0;1;1;20;0;0;0;0;3;1;17;0;0;47
637;Emergencia Metro de Santiago 10-19;2017;mayo;29;0;0;0;0;0;0;0;0;0;0;0;0;0;0;0;0;0
638;Estructural 10-0;2017;Junio;30;4;22;40;13;33;148;289;74;122;71;244;192;73;199;37;29;1590
639;Vehículos 10-1;2017;Junio;30;5;7;5;4;8;33;85;6;13;6;31;15;7;9;2;4;240
640;Pastizales y/o Basura 10-2;2017;Junio;30;11;8;27;27;24;92;133;50;27;6;25;7;3;49;6;5;500
641;Rescate de Emergencia 10-3;2017;Junio;30;10;3;20;8;23;106;414;49;39;28;135;42;14;56;3;2;952
642;Rescate Vehicular 10-4;2017;Junio;30;5;21;66;46;35;216;418;122;141;70;227;135;44;104;23;15;1688
643;Haz-Mat 10-5;2017;Junio;30;3;0;3;2;0;39;28;1;0;1;22;5;2;20;0;0;126
644;Gas 10-6;2017;Junio;30;2;12;40;29;24;74;301;27;31;21;113;50;18;43;14;15;814
645;Eléctrico 10-7;2017;Junio;30;5;1;11;6;5;22;222;21;24;4;18;18;1;16;5;1;380
646;No Clasificado 10-8;2017;Junio;30;3;11;10;5;34;190;103;120;177;63;400;56;23;25;9;5;1234
647;Otros Servicios 10-9;2017;Junio;30;3;22;49;68;75;258;298;585;337;85;208;359;65;802;45;22;3281
648;Escombros 10-10;2017;Junio;30;0;1;1;0;5;12;4;5;4;1;8;6;6;7;2;0;62
649;Servicio Aéreo 10-11;2017;Junio;30;0;0;0;0;0;0;1;0;0;1;0;0;0;0;0;0;2
650;Apoyo a otros Cuerpos 10-12;2017;Junio;30;0;0;1;1;0;15;70;16;7;6;14;19;5;3;0;0;157
651;Atentados Terroristas 10-13;2017;Junio;30;0;0;0;0;0;0;0;0;0;0;0;0;1;0;0;0;1
652;Accidentes Aéreos 10-14;2017;Junio;30;0;0;0;0;0;0;0;0;0;0;0;0;0;0;0;0;0
653;Simulacro 10-15;2017;Junio;30;0;4;5;2;2;5;5;3;3;3;8;35;6;7;2;0;90
654;Túnel 10-16;2017;Junio;30;0;0;0;0;1;0;0;0;0;0;0;0;0;0;0;0;1
655;Falsa Alarma 6-16;2017;Junio;30;1;0;1;2;7;5;11;5;3;2;4;7;2;4;3;0;57
656;Inundación 10-17;2017;Junio;30;0;0;0;0;3;0;4;4;10;2;146;45;0;34;0;0;248
657;Emergencia Marítima Portuaria 10-18;2017;Junio;30;0;0;2;0;0;0;0;0;0;0;1;0;0;0;0;0;3
658;Incendio 10-30;2017;Junio;30;0;1;7;0;0;0;13;1;2;0;0;4;1;15;0;0;44
659;Emergencia Metro de Santiago 10-19;2017;Junio;30;0;0;0;0;0;0;0;0;0;0;0;0;0;0;0;0;0
660;Estructural 10-0;2017;Julio;31;3;23;23;13;18;164;257;94;128;62;204;199;70;188;28;25;1499
661;Vehículos 10-1;2017;Julio;31;2;7;7;5;15;40;68;13;15;10;23;18;4;18;1;6;252
662;Pastizales y/o Basura 10-2;2017;Julio;31;5;14;28;23;26;99;191;36;18;5;26;17;4;51;3;10;556
663;Rescate de Emergencia 10-3;2017;Julio;31;6;5;17;14;11;81;390;57;34;15;121;42;18;43;2;0;856
664;Rescate Vehicular 10-4;2017;Julio;31;7;28;59;46;35;226;458;101;116;88;257;150;33;127;16;14;1761
665;Haz-Mat 10-5;2017;Julio;31;2;0;6;2;0;40;21;2;2;1;19;9;5;24;2;0;135
666;Gas 10-6;2017;Julio;31;5;9;29;12;23;76;288;32;28;12;69;56;7;38;11;6;701
667;Eléctrico 10-7;2017;Julio;31;0;3;4;2;3;13;200;12;4;8;13;14;1;4;1;1;283
668;No Clasificado 10-8;2017;Julio;31;3;15;7;4;21;66;85;48;39;41;201;36;16;21;6;6;615
669;Otros Servicios 10-9;2017;Julio;31;7;22;45;60;50;228;200;407;98;51;119;261;53;475;20;21;2117
670;Escombros 10-10;2017;Julio;31;0;0;1;4;3;9;5;4;0;0;3;6;1;9;0;1;46
671;Servicio Aéreo 10-11;2017;Julio;31;0;0;0;0;0;0;0;0;0;1;0;0;0;0;0;0;1
672;Apoyo a otros Cuerpos 10-12;2017;Julio;31;0;0;0;2;2;21;73;5;4;2;12;25;6;0;0;0;152
673;Atentados Terroristas 10-13;2017;Julio;31;0;0;1;0;0;0;0;0;0;0;0;0;0;0;0;0;1
674;Accidentes Aéreos 10-14;2017;Julio;31;0;0;0;0;0;0;0;0;0;0;0;0;0;0;0;0;0
675;Simulacro 10-15;2017;Julio;31;0;0;4;3;3;11;8;0;5;1;9;11;7;5;0;2;69
676;Túnel 10-16;2017;Julio;31;0;0;0;0;0;0;0;0;0;0;0;0;0;0;0;0;0
677;Falsa Alarma 6-16;2017;Julio;31;0;4;0;2;3;11;15;8;6;3;8;11;3;6;2;2;84
678;Inundación 10-17;2017;Julio;31;0;0;0;0;0;0;3;4;3;0;14;0;2;6;0;0;32
679;Emergencia Marítima Portuaria 10-18;2017;Julio;31;0;0;2;0;0;0;0;0;0;0;0;0;0;0;0;0;2
680;Incendio 10-30;2017;Julio;31;1;2;4;0;0;1;17;1;2;0;0;1;0;21;0;0;50
681;Emergencia Metro de Santiago 10-19;2017;Julio;31;0;0;0;0;0;0;0;0;0;0;0;0;0;0;0;0;0
682;Estructural 10-0;2017;Agosto;32;3;18;38;10;24;112;265;77;117;85;214;175;77;222;30;17;1484
683;Vehículos 10-1;2017;Agosto;32;4;8;11;4;8;25;64;11;9;10;21;32;9;15;4;6;241
684;Pastizales y/o Basura 10-2;2017;Agosto;32;7;8;35;23;46;105;243;55;19;5;21;22;3;53;8;4;657
685;Rescate de Emergencia 10-3;2017;Agosto;32;2;3;19;8;15;66;413;43;49;20;135;47;14;57;2;0;893
686;Rescate Vehicular 10-4;2017;Agosto;32;9;16;83;51;44;211;499;97;107;62;234;93;47;101;26;12;1692
687;Haz-Mat 10-5;2017;Agosto;32;1;0;13;2;1;32;15;2;2;0;21;16;4;31;0;0;140
688;Gas 10-6;2017;Agosto;32;3;9;27;20;21;79;215;25;28;12;66;41;7;38;6;7;604
689;Eléctrico 10-7;2017;Agosto;32;1;0;4;5;2;7;112;14;7;6;20;13;6;17;3;0;217
690;No Clasificado 10-8;2017;Agosto;32;7;8;10;3;20;36;51;49;39;47;218;70;39;26;7;4;634
691;Otros Servicios 10-9;2017;Agosto;32;3;23;49;65;28;202;200;307;127;110;149;377;146;947;33;23;2789
692;Escombros 10-10;2017;Agosto;32;0;0;2;0;0;5;11;0;4;1;1;7;2;6;2;1;42
693;Servicio Aéreo 10-11;2017;Agosto;32;0;0;0;0;0;0;0;0;0;2;0;0;0;0;0;0;2
694;Apoyo a otros Cuerpos 10-12;2017;Agosto;32;0;2;0;2;0;9;78;6;14;1;10;19;4;4;0;0;149
695;Atentados Terroristas 10-13;2017;Agosto;32;0;0;0;0;0;0;2;0;0;0;1;0;0;0;0;0;3
696;Accidentes Aéreos 10-14;2017;Agosto;32;0;0;0;0;0;0;0;0;0;0;0;1;0;0;0;0;1
697;Simulacro 10-15;2017;Agosto;32;2;1;0;0;3;6;20;7;6;1;10;19;5;6;1;1;88
698;Túnel 10-16;2017;Agosto;32;0;0;0;0;0;0;0;0;0;0;2;0;0;0;0;0;2
699;Falsa Alarma 6-16;2017;Agosto;32;0;1;1;4;4;7;27;4;1;3;2;5;2;6;0;3;70
700;Inundación 10-17;2017;Agosto;32;0;0;0;0;0;0;4;3;2;1;127;0;1;31;0;0;169
701;Emergencia Marítima Portuaria 10-18;2017;Agosto;32;0;0;1;0;0;0;0;0;0;0;0;0;0;0;0;0;1
702;Incendio 10-30;2017;Agosto;32;0;0;4;0;0;2;19;0;1;0;0;2;0;22;0;0;50
703;Emergencia Metro de Santiago 10-19;2017;Agosto;32;0;0;0;0;0;0;0;0;0;0;0;0;0;0;0;0;0
704;Estructural 10-0;2017;septiembre;33;4;16;35;21;27;114;252;78;100;45;198;161;82;162;25;8;1328
705;Vehículos 10-1;2017;septiembre;33;5;5;18;8;7;34;69;17;8;9;15;16;7;10;0;5;233
706;Pastizales y/o Basura 10-2;2017;septiembre;33;12;15;41;22;46;210;311;183;135;48;89;95;10;62;7;7;1293
707;Rescate de Emergencia 10-3;2017;septiembre;33;5;9;11;7;3;108;379;57;42;29;130;28;14;54;2;1;879
708;Rescate Vehicular 10-4;2017;septiembre;33;10;27;62;54;39;197;455;125;96;69;213;93;41;76;14;10;1581
709;Haz-Mat 10-5;2017;septiembre;33;2;0;9;2;1;32;15;6;3;1;23;7;1;19;1;2;124
710;Gas 10-6;2017;septiembre;33;5;9;36;22;13;64;181;54;23;7;73;33;9;25;5;3;562
711;Eléctrico 10-7;2017;septiembre;33;0;1;6;3;3;16;85;6;3;3;8;12;2;5;1;1;155
712;No Clasificado 10-8;2017;septiembre;33;2;9;9;6;12;34;51;52;65;22;166;39;17;33;1;1;519
713;Otros Servicios 10-9;2017;septiembre;33;0;29;51;86;37;188;252;337;144;81;105;279;56;460;26;16;2147
714;Escombros 10-10;2017;septiembre;33;0;2;4;3;2;6;4;3;2;0;5;3;3;19;3;0;59
715;Servicio Aéreo 10-11;2017;septiembre;33;0;0;0;0;0;0;1;0;0;0;0;0;0;0;0;0;1
716;Apoyo a otros Cuerpos 10-12;2017;septiembre;33;0;0;0;4;3;11;49;7;6;7;23;11;0;4;0;0;125
717;Atentados Terroristas 10-13;2017;septiembre;33;0;0;0;0;0;0;2;0;1;0;1;0;0;0;0;0;4
718;Accidentes Aéreos 10-14;2017;septiembre;33;0;0;0;0;0;0;0;0;0;0;0;0;1;0;0;0;1
719;Simulacro 10-15;2017;septiembre;33;0;2;0;0;1;10;2;6;3;3;7;12;2;8;1;1;58
720;Túnel 10-16;2017;septiembre;33;0;0;0;0;0;0;0;0;0;0;0;0;0;0;0;0;0
721;Falsa Alarma 6-16;2017;septiembre;33;0;1;1;2;3;9;18;5;7;3;13;9;1;6;4;2;84
722;Inundación 10-17;2017;septiembre;33;0;0;0;0;0;0;0;1;0;1;15;1;1;3;0;0;22
723;Emergencia Marítima Portuaria 10-18;2017;septiembre;33;0;0;1;0;0;0;0;0;0;0;0;0;0;0;0;0;1
724;Incendio 10-30;2017;septiembre;33;1;2;4;0;0;0;15;2;0;0;0;1;0;17;0;0;42
725;Emergencia Metro de Santiago 10-19;2017;septiembre;33;0;0;0;0;0;0;0;0;0;0;0;0;0;0;0;0;0
726;Estructural 10-0;2017;octubre;34;9;22;42;17;29;106;228;78;71;38;162;134;61;139;15;16;1167
727;Vehículos 10-1;2017;octubre;34;4;6;8;7;8;50;66;10;15;7;19;16;7;19;1;2;245
728;Pastizales y/o Basura 10-2;2017;octubre;34;19;6;36;40;55;254;398;130;108;27;84;93;9;57;8;3;1327
729;Rescate de Emergencia 10-3;2017;octubre;34;7;15;21;9;5;101;448;42;43;25;114;43;29;75;3;1;981
730;Rescate Vehicular 10-4;2017;octubre;34;19;14;49;37;49;166;439;107;96;64;222;105;36;88;15;7;1513
731;Haz-Mat 10-5;2017;octubre;34;0;1;8;6;2;33;25;3;0;0;21;19;1;21;0;1;141
732;Gas 10-6;2017;octubre;34;3;8;19;24;12;66;176;51;10;16;59;38;11;36;1;3;533
733;Eléctrico 10-7;2017;octubre;34;1;0;4;8;0;19;82;5;4;1;10;12;3;6;0;1;156
734;No Clasificado 10-8;2017;octubre;34;1;25;15;5;31;50;36;46;60;23;168;51;14;32;3;2;562
735;Otros Servicios 10-9;2017;octubre;34;2;14;49;60;36;224;249;330;106;65;102;297;94;401;19;9;2057
736;Escombros 10-10;2017;octubre;34;2;0;5;1;2;13;16;2;6;1;1;2;1;4;0;1;57
737;Servicio Aéreo 10-11;2017;octubre;34;0;0;0;0;0;1;0;1;0;0;1;0;0;0;0;0;3
738;Apoyo a otros Cuerpos 10-12;2017;octubre;34;0;0;0;1;4;14;111;25;9;0;12;13;5;3;0;0;197
739;Atentados Terroristas 10-13;2017;octubre;34;0;0;1;0;0;0;0;0;0;0;0;1;0;0;0;0;2
740;Accidentes Aéreos 10-14;2017;octubre;34;0;0;0;0;0;0;0;0;0;0;0;0;0;0;0;0;0
741;Simulacro 10-15;2017;octubre;34;3;1;0;2;3;3;19;14;22;3;15;33;7;24;5;2;156
742;Túnel 10-16;2017;octubre;34;0;0;0;0;0;0;1;0;0;0;1;0;0;0;0;0;2
743;Falsa Alarma 6-16;2017;octubre;34;0;3;0;0;2;11;21;6;5;4;6;6;4;5;3;0;76
744;Inundación 10-17;2017;octubre;34;0;0;0;0;2;0;0;4;0;0;7;0;0;2;0;0;15
745;Emergencia Marítima Portuaria 10-18;2017;octubre;34;0;0;0;0;0;0;0;0;0;0;0;0;0;0;0;0;0
746;Incendio 10-30;2017;octubre;34;2;0;4;0;0;2;11;0;2;0;0;3;2;21;0;0;47
747;Emergencia Metro de Santiago 10-19;2017;octubre;34;0;0;0;0;0;0;0;0;0;0;0;0;0;0;0;0;0
748;Estructural 10-0;2017;Noviembre;35;10;17;25;15;13;101;244;46;72;34;113;97;44;135;20;20;1006
749;Vehículos 10-1;2017;Noviembre;35;2;3;10;4;7;38;78;14;20;12;21;17;6;14;5;5;256
750;Pastizales y/o Basura 10-2;2017;Noviembre;35;15;10;40;38;84;561;1024;337;234;69;158;145;30;147;7;2;2901
751;Rescate de Emergencia 10-3;2017;Noviembre;35;9;9;14;10;7;85;432;66;43;25;108;49;21;49;2;1;930
752;Rescate Vehicular 10-4;2017;Noviembre;35;25;20;52;36;34;188;486;111;122;48;170;95;22;90;16;9;1524
753;Haz-Mat 10-5;2017;Noviembre;35;2;1;7;2;2;39;13;2;0;2;26;10;6;21;1;0;134
754;Gas 10-6;2017;Noviembre;35;1;6;18;20;18;62;145;29;10;10;53;32;10;34;2;2;452
755;Eléctrico 10-7;2017;Noviembre;35;1;0;0;6;4;14;90;6;5;3;10;4;2;5;0;1;151
756;No Clasificado 10-8;2017;Noviembre;35;3;5;15;7;17;60;41;48;30;16;180;52;12;34;2;1;523
757;Otros Servicios 10-9;2017;Noviembre;35;0;23;42;52;34;221;214;269;105;92;99;312;61;449;18;7;1998
758;Escombros 10-10;2017;Noviembre;35;1;1;1;0;5;33;19;6;3;1;2;5;2;6;5;0;90
759;Servicio Aéreo 10-11;2017;Noviembre;35;0;0;1;0;0;0;1;0;0;3;1;0;0;0;0;0;6
760;Apoyo a otros Cuerpos 10-12;2017;Noviembre;35;0;0;2;3;8;50;130;16;3;2;15;14;5;4;0;0;252
761;Atentados Terroristas 10-13;2017;Noviembre;35;0;0;0;0;0;0;1;0;1;0;0;0;0;0;0;0;2
762;Accidentes Aéreos 10-14;2017;Noviembre;35;0;0;0;0;0;0;0;0;0;0;0;0;0;0;0;0;0
763;Simulacro 10-15;2017;Noviembre;35;11;4;1;6;4;14;31;35;12;5;12;30;9;16;8;2;200
764;Túnel 10-16;2017;Noviembre;35;0;0;0;0;0;0;0;0;0;0;0;0;0;0;0;0;0
765;Falsa Alarma 6-16;2017;Noviembre;35;0;3;1;2;0;9;40;6;3;0;6;10;1;9;0;0;90
766;Inundación 10-17;2017;Noviembre;35;0;0;0;0;0;1;0;3;0;4;6;1;0;1;0;0;16
767;Emergencia Marítima Portuaria 10-18;2017;Noviembre;35;0;0;0;0;0;0;0;0;0;0;0;0;0;0;0;0;0
768;Incendio 10-30;2017;Noviembre;35;3;1;7;0;3;0;26;0;1;0;0;0;0;7;0;0;48
769;Emergencia Metro de Santiago 10-19;2017;Noviembre;35;0;0;0;0;0;0;0;0;0;0;0;0;0;0;0;0;0
770;Estructural 10-0;2017;diciembre;36;5;32;31;17;48;98;263;70;72;35;104;100;38;122;15;21;1071
771;Vehículos 10-1;2017;diciembre;36;6;4;16;9;17;45;73;18;19;7;33;23;4;17;2;4;297
772;Pastizales y/o Basura 10-2;2017;diciembre;36;17;28;46;46;97;707;1220;622;472;134;380;260;30;115;11;8;4193
773;Rescate de Emergencia 10-3;2017;diciembre;36;8;9;19;13;28;90;433;77;48;26;136;47;18;73;8;5;1038
774;Rescate Vehicular 10-4;2017;diciembre;36;23;21;53;61;78;220;607;117;124;59;238;103;28;117;24;9;1882
775;Haz-Mat 10-5;2017;diciembre;36;2;1;6;4;0;20;18;2;0;1;31;12;4;31;0;0;132
776;Gas 10-6;2017;diciembre;36;3;8;19;9;29;53;145;18;16;7;44;36;3;70;3;8;471
777;Eléctrico 10-7;2017;diciembre;36;0;1;3;1;4;11;89;12;3;5;18;5;4;13;3;1;173
778;No Clasificado 10-8;2017;diciembre;36;9;2;25;7;28;65;50;75;56;22;154;58;18;29;4;0;602
779;Otros Servicios 10-9;2017;diciembre;36;3;42;31;57;78;255;263;303;148;150;126;315;76;608;29;20;2504
780;Escombros 10-10;2017;diciembre;36;1;0;5;0;1;9;49;13;4;0;2;5;3;16;0;0;108
781;Servicio Aéreo 10-11;2017;diciembre;36;0;0;0;0;0;0;0;0;0;2;0;0;0;0;0;0;2
782;Apoyo a otros Cuerpos 10-12;2017;diciembre;36;0;0;0;2;10;67;226;72;11;7;19;17;1;28;3;0;463
783;Atentados Terroristas 10-13;2017;diciembre;36;0;0;1;0;0;0;3;1;0;0;1;0;0;0;0;0;6
784;Accidentes Aéreos 10-14;2017;diciembre;36;0;0;0;0;0;0;1;0;0;0;0;0;1;0;0;0;2
785;Simulacro 10-15;2017;diciembre;36;3;0;7;0;6;9;17;7;3;6;8;19;6;8;4;2;105
786;Túnel 10-16;2017;diciembre;36;0;0;0;0;0;0;0;0;0;0;0;0;0;0;0;0;0
787;Falsa Alarma 6-16;2017;diciembre;36;1;0;1;0;12;12;36;8;7;2;2;7;5;7;1;5;106
788;Inundación 10-17;2017;diciembre;36;0;0;0;0;0;0;0;5;0;0;2;0;0;0;0;0;7
789;Emergencia Marítima Portuaria 10-18;2017;diciembre;36;0;0;0;0;0;0;0;0;0;0;1;0;0;0;0;0;1
790;Incendio 10-30;2017;diciembre;36;0;2;6;0;1;4;39;0;0;0;0;2;0;16;0;0;70
791;Emergencia Metro de Santiago 10-19;2017;diciembre;36;0;0;0;0;0;0;0;0;0;0;0;0;0;0;0;0;0
792;Estructural 10-0;2018;enero;37;6;32;42;12;31;138;321;96;61;34;132;101;45;92;23;26;1192
793;Vehículos 10-1;2018;enero;37;10;5;23;5;7;38;224;34;23;13;37;20;12;12;1;6;470
794;Pastizales y/o Basura 10-2;2018;enero;37;13;26;34;40;91;734;1127;644;604;348;695;441;131;145;18;7;5098
795;Rescate de Emergencia 10-3;2018;enero;37;2;14;30;17;13;106;491;50;50;34;132;47;20;79;9;1;1095
796;Rescate Vehicular 10-4;2018;enero;37;10;23;78;35;36;290;501;152;142;96;201;120;51;115;23;8;1881
797;Haz-Mat 10-5;2018;enero;37;2;0;6;1;4;23;34;0;3;0;24;18;5;34;1;1;156
798;Gas 10-6;2018;enero;37;3;9;25;9;20;49;175;28;17;10;46;35;7;28;5;2;468
799;Eléctrico 10-7;2018;enero;37;1;1;8;7;3;22;99;19;13;12;8;9;5;5;0;0;212
800;No Clasificado 10-8;2018;enero;37;5;2;27;9;19;96;68;61;57;35;155;73;16;41;5;1;670
801;Otros Servicios 10-9;2018;enero;37;6;38;56;68;60;226;286;304;125;121;130;318;130;467;24;21;2380
802;Escombros 10-10;2018;enero;37;1;2;1;2;2;37;48;10;21;5;4;8;0;7;3;0;151
803;Servicio Aéreo 10-11;2018;enero;37;0;0;0;0;0;0;1;0;0;1;0;0;0;0;1;0;3
804;Apoyo a otros Cuerpos 10-12;2018;enero;37;0;1;3;3;2;82;368;64;31;8;29;39;4;8;4;0;646
805;Atentados Terroristas 10-13;2018;enero;37;1;0;0;0;0;0;1;0;0;0;2;0;1;0;0;0;5
806;Accidentes Aéreos 10-14;2018;enero;37;0;0;0;0;0;1;1;0;1;0;0;0;0;0;0;0;3
807;Simulacro 10-15;2018;enero;37;1;0;2;0;1;6;8;5;0;0;4;1;1;5;0;0;34
808;Túnel 10-16;2018;enero;37;0;0;0;0;0;0;0;0;0;0;0;0;0;0;0;0;0
809;Falsa Alarma 6-16;2018;enero;37;1;2;1;0;7;10;37;16;11;5;10;21;7;2;1;2;133
810;Inundación 10-17;2018;enero;37;0;0;0;0;2;0;0;2;0;0;2;0;0;0;0;0;6
811;Emergencia Marítima Portuaria 10-18;2018;enero;37;0;0;4;0;0;0;0;0;0;0;1;0;0;0;0;0;5
812;Incendio 10-30;2018;enero;37;2;3;6;0;0;4;28;0;2;0;0;3;0;11;0;0;59
813;Emergencia Metro de Santiago 10-19;2018;enero;37;0;0;0;0;0;0;0;0;0;0;0;0;0;0;0;0;0
814;Estructural 10-0;2018;febrero;38;11;26;33;8;39;89;273;53;48;47;146;99;31;111;12;23;1049
815;Vehículos 10-1;2018;febrero;38;4;8;11;5;13;41;183;16;27;11;29;20;6;18;1;4;397
816;Pastizales y/o Basura 10-2;2018;febrero;38;15;18;27;45;102;577;941;480;541;290;649;671;155;218;6;8;4743
817;Rescate de Emergencia 10-3;2018;febrero;38;3;9;25;9;28;102;452;62;48;31;107;33;35;76;7;1;1028
818;Rescate Vehicular 10-4;2018;febrero;38;8;31;75;41;62;223;515;130;157;92;193;135;83;129;19;7;1900
819;Haz-Mat 10-5;2018;febrero;38;0;2;5;0;1;20;19;5;3;2;19;5;10;32;1;0;124
820;Gas 10-6;2018;febrero;38;2;6;19;6;16;50;202;29;18;10;49;30;4;35;1;7;484
821;Eléctrico 10-7;2018;febrero;38;2;2;7;4;5;9;79;8;9;8;8;11;2;9;2;2;167
822;No Clasificado 10-8;2018;febrero;38;4;4;21;5;26;62;48;32;82;19;122;42;13;31;2;0;513
823;Otros Servicios 10-9;2018;febrero;38;3;28;50;40;37;226;195;260;109;82;102;240;91;447;6;13;1929
824;Escombros 10-10;2018;febrero;38;3;0;0;0;3;23;35;7;11;6;10;4;6;12;0;2;122
825;Servicio Aéreo 10-11;2018;febrero;38;0;0;0;0;0;0;0;0;1;0;0;3;0;0;0;0;4
826;Apoyo a otros Cuerpos 10-12;2018;febrero;38;0;5;1;7;17;66;268;66;31;23;35;67;4;5;0;0;595
827;Atentados Terroristas 10-13;2018;febrero;38;0;0;0;0;0;0;0;0;0;0;2;0;0;0;0;0;2
828;Accidentes Aéreos 10-14;2018;febrero;38;0;0;0;0;0;0;0;0;2;0;0;0;0;0;0;0;2
829;Simulacro 10-15;2018;febrero;38;2;0;0;0;1;7;4;2;1;1;1;2;3;5;0;0;29
830;Túnel 10-16;2018;febrero;38;0;0;0;0;0;0;1;0;0;0;0;0;0;0;0;0;1
831;Falsa Alarma 6-16;2018;febrero;38;1;1;0;3;5;12;20;12;8;3;13;22;5;8;2;3;118
832;Inundación 10-17;2018;febrero;38;0;0;0;0;0;0;0;0;0;0;3;1;0;0;0;0;4
833;Emergencia Marítima Portuaria 10-18;2018;febrero;38;0;0;10;0;0;0;0;0;0;0;1;0;0;0;0;0;11
834;Incendio 10-30;2018;febrero;38;2;2;3;0;0;2;32;1;4;0;1;1;0;14;0;0;62
835;Emergencia Metro de Santiago 10-19;2018;febrero;38;0;0;0;0;0;0;0;0;0;0;0;0;0;0;0;0;0
836;Estructural 10-0;2018;marzo;39;7;22;30;8;13;137;315;74;92;35;111;104;53;107;15;16;1139
837;Vehículos 10-1;2018;marzo;39;5;5;8;3;6;56;282;17;25;22;34;19;13;12;0;7;514
838;Pastizales y/o Basura 10-2;2018;marzo;39;13;25;25;35;47;627;903;480;464;332;328;360;82;110;7;10;3848
839;Rescate de Emergencia 10-3;2018;marzo;39;10;10;18;6;2;95;535;57;39;29;126;58;20;80;2;3;1090
840;Rescate Vehicular 10-4;2018;marzo;39;8;26;54;44;47;234;534;144;140;70;249;106;57;93;17;10;1833
841;Haz-Mat 10-5;2018;marzo;39;3;4;13;0;0;19;26;5;4;4;13;7;5;24;0;1;128
842;Gas 10-6;2018;marzo;39;1;6;21;15;9;78;218;36;32;7;71;38;11;52;3;6;604
843;Eléctrico 10-7;2018;marzo;39;1;0;7;5;2;6;116;11;13;4;22;13;6;7;1;0;214
844;No Clasificado 10-8;2018;marzo;39;8;1;21;3;23;44;54;40;72;32;175;27;21;19;8;2;550
845;Otros Servicios 10-9;2018;marzo;39;11;39;29;58;39;252;240;231;91;158;106;296;60;382;12;11;2015
846;Escombros 10-10;2018;marzo;39;0;2;1;2;2;24;32;13;10;7;2;12;1;10;0;3;121
847;Servicio Aéreo 10-11;2018;marzo;39;0;0;0;0;0;0;0;0;0;0;0;0;0;0;0;0;0
848;Apoyo a otros Cuerpos 10-12;2018;marzo;39;0;0;1;1;3;66;251;76;23;14;17;42;2;4;0;0;500
849;Atentados Terroristas 10-13;2018;marzo;39;1;0;1;0;0;0;0;0;1;0;0;0;2;0;0;0;5
850;Accidentes Aéreos 10-14;2018;marzo;39;0;0;0;0;0;0;4;0;0;0;0;0;0;0;0;0;4
851;Simulacro 10-15;2018;marzo;39;1;1;1;2;1;2;14;1;6;2;2;12;3;7;0;1;56
852;Túnel 10-16;2018;marzo;39;0;0;0;0;0;0;1;0;0;0;0;0;0;0;0;0;1
853;Falsa Alarma 6-16;2018;marzo;39;0;3;0;4;1;13;37;10;8;6;8;7;6;4;3;1;111
854;Inundación 10-17;2018;marzo;39;0;0;0;0;0;0;0;2;0;0;21;7;0;0;0;0;30
855;Emergencia Marítima Portuaria 10-18;2018;marzo;39;0;0;9;0;0;0;0;0;0;0;1;0;0;0;0;0;10
856;Incendio 10-30;2018;marzo;39;0;1;2;0;0;1;14;1;2;0;0;3;1;11;0;0;36
857;Emergencia Metro de Santiago 10-19;2018;marzo;39;0;0;0;0;0;0;0;0;0;0;0;0;0;0;0;0;0
858;Estructural 10-0;2018;abril;40;2;9;19;26;16;121;321;65;83;47;143;140;73;136;14;23;1238
859;Vehículos 10-1;2018;abril;40;1;2;9;8;5;28;197;11;12;17;17;16;10;14;0;1;348
860;Pastizales y/o Basura 10-2;2018;abril;40;20;15;14;30;57;407;751;338;222;80;119;93;15;64;9;4;2238
861;Rescate de Emergencia 10-3;2018;abril;40;5;4;12;9;5;104;555;54;43;25;101;35;19;52;2;6;1031
862;Rescate Vehicular 10-4;2018;abril;40;14;22;46;49;29;207;542;106;105;65;219;97;40;92;19;11;1663
863;Haz-Mat 10-5;2018;abril;40;3;1;8;3;1;37;38;3;2;0;21;13;11;24;0;0;165
864;Gas 10-6;2018;abril;40;7;7;24;17;20;82;347;48;37;17;132;39;8;53;10;15;863
865;Eléctrico 10-7;2018;abril;40;0;4;9;5;1;9;85;2;8;2;15;12;2;6;2;1;163
866;No Clasificado 10-8;2018;abril;40;8;2;18;4;9;51;35;31;56;26;165;38;13;23;7;3;489
867;Otros Servicios 10-9;2018;abril;40;9;49;65;44;35;277;248;239;80;139;105;312;65;420;14;13;2114
868;Escombros 10-10;2018;abril;40;0;0;9;0;1;16;15;12;3;0;4;5;4;12;0;0;81
869;Servicio Aéreo 10-11;2018;abril;40;0;0;0;0;0;0;0;0;0;1;0;0;0;0;0;0;1
870;Apoyo a otros Cuerpos 10-12;2018;abril;40;0;0;2;3;1;29;230;37;4;2;8;10;0;3;0;0;329
871;Atentados Terroristas 10-13;2018;abril;40;0;0;0;0;0;0;1;0;3;0;1;0;0;2;0;0;7
872;Accidentes Aéreos 10-14;2018;abril;40;0;0;0;0;0;0;0;0;0;0;0;1;0;0;1;0;2
873;Simulacro 10-15;2018;abril;40;3;3;3;3;2;7;17;3;14;5;12;16;8;10;0;1;107
874;Túnel 10-16;2018;abril;40;0;0;0;0;0;0;0;0;0;0;2;0;0;0;0;0;2
875;Falsa Alarma 6-16;2018;abril;40;0;0;1;1;2;12;17;8;8;6;8;8;5;4;3;1;84
876;Inundación 10-17;2018;abril;40;0;0;0;0;0;0;0;1;0;0;10;6;2;0;0;1;20
877;Emergencia Marítima Portuaria 10-18;2018;abril;40;0;0;8;0;0;0;0;0;0;0;0;0;0;0;0;0;8
878;Incendio 10-30;2018;abril;40;0;0;2;0;0;5;20;1;0;0;0;0;0;5;0;0;33
879;Emergencia Metro de Santiago 10-19;2018;abril;40;0;0;0;0;0;0;0;0;0;0;0;0;0;0;0;0;0
880;Estructural 10-0;2018;mayo;41;7;7;30;22;18;139;350;102;109;43;190;152;75;156;33;17;1450
881;Vehículos 10-1;2018;mayo;41;5;0;15;11;11;35;250;18;22;5;25;18;6;22;1;2;446
882;Pastizales y/o Basura 10-2;2018;mayo;41;11;5;20;36;67;438;743;414;118;39;27;32;7;59;7;3;2026
883;Rescate de Emergencia 10-3;2018;mayo;41;4;2;15;8;9;84;544;69;43;28;131;45;15;54;2;2;1055
884;Rescate Vehicular 10-4;2018;mayo;41;11;21;60;53;41;204;454;99;98;71;252;100;39;117;11;12;1643
885;Haz-Mat 10-5;2018;mayo;41;2;0;11;3;1;43;51;8;4;1;21;16;7;32;0;1;201
886;Gas 10-6;2018;mayo;41;8;9;55;45;39;131;636;51;57;38;215;81;16;56;7;19;1463
887;Eléctrico 10-7;2018;mayo;41;1;2;8;6;7;25;246;24;5;5;12;7;6;5;0;2;361
888;No Clasificado 10-8;2018;mayo;41;4;0;24;3;14;62;54;51;87;37;166;30;13;20;4;2;571
889;Otros Servicios 10-9;2018;mayo;41;4;50;49;86;38;263;254;325;95;114;133;234;52;498;3;9;2207
890;Escombros 10-10;2018;mayo;41;3;0;3;4;1;10;15;7;4;0;7;5;2;6;2;0;69
891;Servicio Aéreo 10-11;2018;mayo;41;0;0;0;0;0;0;1;0;0;1;0;0;0;0;0;0;2
892;Apoyo a otros Cuerpos 10-12;2018;mayo;41;0;0;0;0;4;29;256;64;6;2;9;12;0;4;0;0;386
893;Atentados Terroristas 10-13;2018;mayo;41;0;0;0;0;0;0;1;0;0;0;0;0;0;0;0;0;1
894;Accidentes Aéreos 10-14;2018;mayo;41;0;0;0;1;0;0;0;0;0;0;0;0;0;0;0;0;1
895;Simulacro 10-15;2018;mayo;41;2;3;10;3;6;12;15;4;9;4;12;44;8;14;3;3;152
896;Túnel 10-16;2018;mayo;41;0;0;0;1;0;0;1;0;0;0;2;0;0;0;0;0;4
897;Falsa Alarma 6-16;2018;mayo;41;0;0;0;3;0;12;31;19;4;4;6;5;2;6;1;0;93
898;Inundación 10-17;2018;mayo;41;0;0;0;0;0;0;0;4;5;3;40;1;0;0;0;0;53
899;Emergencia Marítima Portuaria 10-18;2018;mayo;41;0;0;0;0;0;0;0;0;0;0;0;0;0;0;0;0;0
900;Incendio 10-30;2018;mayo;41;0;0;2;0;0;3;33;0;0;0;0;0;0;10;0;0;48
901;Emergencia Metro de Santiago 10-19;2018;mayo;41;0;0;0;0;0;0;0;0;0;0;0;0;0;0;0;0;0
902;Estructural 10-0;2018;Junio;42;6;11;46;18;55;159;374;135;117;79;242;206;85;207;35;22;1797
903;Vehículos 10-1;2018;Junio;42;2;0;13;5;23;29;206;13;20;7;29;20;4;13;1;4;389
904;Pastizales y/o Basura 10-2;2018;Junio;42;9;21;33;34;113;201;320;94;22;9;17;9;4;53;7;3;949
905;Rescate de Emergencia 10-3;2018;Junio;42;5;10;13;3;13;94;546;79;43;31;148;64;25;83;3;2;1162
906;Rescate Vehicular 10-4;2018;Junio;42;16;26;50;40;101;220;440;126;133;67;218;110;35;85;12;7;1686
907;Haz-Mat 10-5;2018;Junio;42;1;3;9;4;7;46;55;11;1;3;19;20;3;28;0;0;210
908;Gas 10-6;2018;Junio;42;8;11;56;45;52;129;525;67;52;28;183;57;6;59;15;23;1316
909;Eléctrico 10-7;2018;Junio;42;4;3;4;6;12;21;251;28;9;8;22;12;5;6;0;1;392
910;No Clasificado 10-8;2018;Junio;42;1;5;22;10;8;73;96;72;75;27;179;65;14;29;3;8;687
911;Otros Servicios 10-9;2018;Junio;42;5;54;48;64;96;342;285;432;150;147;117;279;74;532;30;25;2680
912;Escombros 10-10;2018;Junio;42;1;0;1;1;1;7;11;6;4;0;7;3;1;23;1;0;67
913;Servicio Aéreo 10-11;2018;Junio;42;0;0;0;0;0;0;1;0;0;0;0;0;0;0;0;0;1
914;Apoyo a otros Cuerpos 10-12;2018;Junio;42;0;2;0;0;1;11;218;33;9;5;16;16;4;4;0;0;319
915;Atentados Terroristas 10-13;2018;Junio;42;0;0;0;0;0;0;0;0;3;0;0;0;0;1;0;0;4
916;Accidentes Aéreos 10-14;2018;Junio;42;0;0;0;0;0;0;0;0;0;0;0;0;0;0;0;0;0
917;Simulacro 10-15;2018;Junio;42;5;0;2;3;8;15;18;5;3;4;20;26;6;10;5;1;131
918;Túnel 10-16;2018;Junio;42;0;0;0;0;0;0;1;1;0;0;2;0;0;0;0;0;4
919;Falsa Alarma 6-16;2018;Junio;42;0;0;2;3;3;7;31;2;0;7;3;9;2;8;1;6;84
920;Inundación 10-17;2018;Junio;42;0;0;0;0;0;0;0;4;10;9;17;8;0;0;0;0;48
921;Emergencia Marítima Portuaria 10-18;2018;Junio;42;0;0;2;0;0;0;0;0;0;0;3;0;0;0;0;0;5
922;Incendio 10-30;2018;Junio;42;0;0;9;0;0;0;20;0;1;0;0;0;0;15;0;0;45
923;Emergencia Metro de Santiago 10-19;2018;Junio;42;0;0;0;0;0;0;0;0;0;0;0;0;0;0;0;0;0
924;Estructural 10-0;2018;Julio;43;3;10;29;23;30;143;370;111;129;62;206;245;75;224;39;19;1718
925;Vehículos 10-1;2018;Julio;43;1;2;18;3;8;41;195;12;27;11;14;22;7;9;1;8;379
926;Pastizales y/o Basura 10-2;2018;Julio;43;10;14;27;26;37;135;283;101;24;18;26;9;3;85;13;5;816
927;Rescate de Emergencia 10-3;2018;Julio;43;7;2;11;5;12;86;435;47;37;30;121;43;15;72;2;1;926
928;Rescate Vehicular 10-4;2018;Julio;43;17;20;57;43;53;220;433;118;115;78;190;126;38;94;16;17;1635
929;Haz-Mat 10-5;2018;Julio;43;1;0;5;5;1;48;35;16;2;4;26;25;2;19;1;0;190
930;Gas 10-6;2018;Julio;43;10;17;44;19;26;92;424;82;36;32;112;70;11;62;5;9;1051
931;Eléctrico 10-7;2018;Julio;43;3;0;8;2;4;24;206;24;9;4;18;6;2;16;0;2;328
932;No Clasificado 10-8;2018;Julio;43;5;5;21;4;15;79;86;67;56;35;189;87;16;18;5;5;693
933;Otros Servicios 10-9;2018;Julio;43;5;81;54;59;41;332;253;431;109;139;131;233;61;433;17;19;2398
934;Escombros 10-10;2018;Julio;43;1;0;2;0;2;6;7;1;4;0;5;12;5;9;1;1;56
935;Servicio Aéreo 10-11;2018;Julio;43;0;0;0;0;0;0;1;0;0;0;0;0;0;0;0;0;1
936;Apoyo a otros Cuerpos 10-12;2018;Julio;43;0;3;0;2;1;11;181;16;6;7;10;21;1;6;0;0;265
937;Atentados Terroristas 10-13;2018;Julio;43;0;0;0;0;0;0;0;0;2;0;0;1;0;1;0;0;4
938;Accidentes Aéreos 10-14;2018;Julio;43;0;0;0;0;0;0;1;0;0;0;0;1;0;0;0;0;2
939;Simulacro 10-15;2018;Julio;43;3;1;1;0;1;10;7;6;1;1;7;15;3;15;0;2;73
940;Túnel 10-16;2018;Julio;43;0;0;0;0;0;0;0;0;0;0;0;0;0;0;0;0;0
941;Falsa Alarma 6-16;2018;Julio;43;1;1;3;3;5;9;19;5;2;3;7;3;1;4;1;3;70
942;Inundación 10-17;2018;Julio;43;0;0;0;0;0;0;0;3;0;2;31;1;0;0;0;0;37
943;Emergencia Marítima Portuaria 10-18;2018;Julio;43;0;0;5;0;0;0;0;0;0;0;3;0;0;0;0;0;8
944;Incendio 10-30;2018;Julio;43;1;1;5;0;0;0;22;0;1;0;1;2;0;23;0;0;56
945;Emergencia Metro de Santiago 10-19;2018;Julio;43;0;0;0;0;0;0;0;0;0;0;0;0;0;0;0;0;0
946;Estructural 10-0;2018;Agosto;44;6;6;32;23;26;135;322;115;128;68;172;171;82;191;39;27;1543
947;Vehículos 10-1;2018;Agosto;44;7;2;3;5;7;32;196;17;14;9;29;23;6;14;1;3;368
948;Pastizales y/o Basura 10-2;2018;Agosto;44;6;7;25;36;75;258;396;273;93;21;32;19;4;57;11;4;1317
949;Rescate de Emergencia 10-3;2018;Agosto;44;3;2;14;10;8;116;506;63;43;20;139;34;21;71;6;0;1056
950;Rescate Vehicular 10-4;2018;Agosto;44;22;16;44;28;36;191;403;103;124;55;196;89;53;83;19;9;1471
951;Haz-Mat 10-5;2018;Agosto;44;1;0;10;5;3;40;35;9;3;7;24;28;2;18;1;0;186
952;Gas 10-6;2018;Agosto;44;14;7;43;46;30;117;384;56;43;28;172;67;8;52;6;18;1091
953;Eléctrico 10-7;2018;Agosto;44;0;1;4;5;4;14;114;11;10;7;20;8;4;14;0;0;216
954;No Clasificado 10-8;2018;Agosto;44;6;2;23;4;15;38;76;40;59;29;128;40;32;25;3;2;522
955;Otros Servicios 10-9;2018;Agosto;44;4;51;41;60;32;314;206;281;103;126;163;306;97;496;7;17;2304
956;Escombros 10-10;2018;Agosto;44;0;0;4;0;3;12;20;1;3;0;3;3;1;3;0;0;53
957;Servicio Aéreo 10-11;2018;Agosto;44;0;0;0;0;0;0;0;0;0;2;0;0;0;0;1;1;4
958;Apoyo a otros Cuerpos 10-12;2018;Agosto;44;0;1;0;2;5;9;255;13;6;1;9;14;8;8;0;0;331
959;Atentados Terroristas 10-13;2018;Agosto;44;0;0;0;0;0;0;0;0;0;0;0;1;0;0;0;0;1
960;Accidentes Aéreos 10-14;2018;Agosto;44;0;0;0;0;0;0;0;0;1;0;0;0;0;0;0;0;1
961;Simulacro 10-15;2018;Agosto;44;3;1;3;2;4;14;18;10;5;1;7;19;6;17;3;1;114
962;Túnel 10-16;2018;Agosto;44;0;0;0;0;0;0;1;0;0;0;1;0;0;0;0;0;2
963;Falsa Alarma 6-16;2018;Agosto;44;1;1;2;0;0;12;21;7;6;2;1;4;5;11;1;1;75
964;Inundación 10-17;2018;Agosto;44;0;0;0;0;0;0;0;1;2;0;4;0;0;1;0;0;8
965;Emergencia Marítima Portuaria 10-18;2018;Agosto;44;0;0;1;0;0;0;0;0;0;0;0;0;0;0;0;0;1
966;Incendio 10-30;2018;Agosto;44;0;0;3;0;0;0;34;0;1;0;1;3;0;10;0;0;52
967;Emergencia Metro de Santiago 10-19;2018;Agosto;44;0;0;0;0;0;0;1;0;0;0;0;0;0;0;0;0;1
968;Estructural 10-0;2018;septiembre;45;10;2;27;30;29;130;281;98;79;64;163;158;61;172;17;19;1340
969;Vehículos 10-1;2018;septiembre;45;1;2;5;16;8;26;156;19;13;12;30;14;7;23;3;1;336
970;Pastizales y/o Basura 10-2;2018;septiembre;45;14;4;50;48;101;248;434;282;108;66;96;63;14;46;8;2;1584
971;Rescate de Emergencia 10-3;2018;septiembre;45;6;9;17;6;12;81;461;81;50;26;119;27;22;45;0;3;965
972;Rescate Vehicular 10-4;2018;septiembre;45;23;19;45;36;44;171;410;138;116;62;190;100;32;84;13;13;1496
973;Haz-Mat 10-5;2018;septiembre;45;1;1;14;0;0;30;18;11;4;2;27;24;2;27;0;0;161
974;Gas 10-6;2018;septiembre;45;12;5;50;19;23;104;268;41;35;24;95;50;7;57;10;9;809
975;Eléctrico 10-7;2018;septiembre;45;1;1;3;6;8;19;102;19;8;4;11;10;2;13;2;0;209
976;No Clasificado 10-8;2018;septiembre;45;1;0;21;6;23;38;46;39;30;12;145;54;11;26;4;4;460
977;Otros Servicios 10-9;2018;septiembre;45;4;54;49;55;13;296;246;386;129;111;131;316;67;476;4;20;2357
978;Escombros 10-10;2018;septiembre;45;0;0;2;2;3;9;26;1;1;0;7;4;0;10;0;0;65
979;Servicio Aéreo 10-11;2018;septiembre;45;0;0;0;0;0;0;0;0;0;0;0;0;0;0;0;0;0
980;Apoyo a otros Cuerpos 10-12;2018;septiembre;45;0;0;0;1;3;16;165;27;4;0;8;11;5;5;0;0;245
981;Atentados Terroristas 10-13;2018;septiembre;45;0;0;0;1;0;1;0;0;0;0;0;0;0;0;0;0;2
982;Accidentes Aéreos 10-14;2018;septiembre;45;0;0;0;0;0;0;0;0;0;0;0;0;0;0;0;0;0
983;Simulacro 10-15;2018;septiembre;45;4;0;4;2;2;5;11;7;5;1;7;17;8;19;4;5;101
984;Túnel 10-16;2018;septiembre;45;0;0;0;1;0;0;0;0;0;0;1;0;0;0;0;0;2
985;Falsa Alarma 6-16;2018;septiembre;45;2;0;3;0;5;19;27;8;3;3;5;6;0;7;3;3;94
986;Inundación 10-17;2018;septiembre;45;0;0;0;0;0;0;0;2;1;2;5;3;0;0;0;0;13
987;Emergencia Marítima Portuaria 10-18;2018;septiembre;45;0;0;1;0;0;0;0;0;0;0;0;0;0;0;0;0;1
988;Incendio 10-30;2018;septiembre;45;0;0;6;0;0;2;34;0;0;0;0;1;4;15;0;0;62
989;Emergencia Metro de Santiago 10-19;2018;septiembre;45;0;0;0;0;0;0;0;0;0;0;0;0;0;0;0;0;0
990;Estructural 10-0;2018;octubre;46;3;11;42;17;38;139;302;82;77;49;155;126;65;141;25;24;1296
991;Vehículos 10-1;2018;octubre;46;6;1;7;6;23;38;201;19;19;9;21;26;10;20;5;5;416
992;Pastizales y/o Basura 10-2;2018;octubre;46;14;6;60;35;112;254;538;189;80;37;90;74;15;56;6;13;1579
993;Rescate de Emergencia 10-3;2018;octubre;46;14;8;17;6;16;107;542;84;40;27;127;38;13;58;4;2;1103
994;Rescate Vehicular 10-4;2018;octubre;46;40;15;49;36;45;215;476;137;113;51;166;70;30;56;17;13;1529
995;Haz-Mat 10-5;2018;octubre;46;3;0;9;1;0;26;29;6;2;2;14;19;6;15;1;0;133
996;Gas 10-6;2018;octubre;46;12;3;23;18;28;60;249;44;24;23;103;47;10;51;5;11;711
997;Eléctrico 10-7;2018;octubre;46;1;1;5;0;3;17;71;13;4;3;12;6;2;4;2;2;146
998;No Clasificado 10-8;2018;octubre;46;3;4;12;2;13;34;60;46;50;19;140;47;10;27;5;3;475
999;Otros Servicios 10-9;2018;octubre;46;3;46;84;53;24;308;237;298;99;133;139;244;55;523;12;27;2285
1000;Escombros 10-10;2018;octubre;46;0;0;1;2;3;15;12;7;3;3;7;4;0;7;0;3;67
1001;Servicio Aéreo 10-11;2018;octubre;46;0;0;0;0;0;0;1;0;0;0;0;0;0;0;0;0;1
1002;Apoyo a otros Cuerpos 10-12;2018;octubre;46;0;0;1;0;2;15;204;11;6;0;21;21;5;7;0;0;293
1003;Atentados Terroristas 10-13;2018;octubre;46;0;0;0;0;0;0;1;0;0;0;0;0;0;2;0;0;3
1004;Accidentes Aéreos 10-14;2018;octubre;46;1;0;0;0;0;0;1;0;0;0;0;0;0;0;0;0;2
1005;Simulacro 10-15;2018;octubre;46;8;1;9;2;3;10;32;16;17;4;24;23;8;44;7;2;210
1006;Túnel 10-16;2018;octubre;46;0;0;0;0;0;0;1;0;0;0;1;0;0;0;0;0;2
1007;Falsa Alarma 6-16;2018;octubre;46;2;0;0;0;5;7;27;8;1;1;4;5;3;4;0;2;69
1008;Inundación 10-17;2018;octubre;46;0;0;0;0;0;0;0;7;0;0;10;0;0;0;0;0;17
1009;Emergencia Marítima Portuaria 10-18;2018;octubre;46;0;0;3;0;0;0;0;0;0;0;1;0;0;0;0;0;4
1010;Incendio 10-30;2018;octubre;46;0;0;5;0;0;2;15;0;0;0;0;4;5;10;0;0;41
1011;Emergencia Metro de Santiago 10-19;2018;octubre;46;0;0;0;0;0;0;0;1;0;0;0;0;0;0;1;0;2
1012;Estructural 10-0;2018;Noviembre;47;5;6;49;15;14;106;379;91;76;35;127;122;47;93;15;21;1201
1013;Vehículos 10-1;2018;Noviembre;47;7;1;9;4;12;49;217;13;17;17;19;16;7;23;2;7;420
1014;Pastizales y/o Basura 10-2;2018;Noviembre;47;22;14;34;21;74;574;1046;408;166;46;155;117;11;68;5;9;2770
1015;Rescate de Emergencia 10-3;2018;Noviembre;47;12;4;21;3;4;110;574;74;45;27;121;44;21;59;5;3;1127
1016;Rescate Vehicular 10-4;2018;Noviembre;47;29;16;66;57;25;197;466;141;105;48;190;92;38;73;17;10;1570
1017;Haz-Mat 10-5;2018;Noviembre;47;1;0;5;5;2;21;35;23;6;5;27;24;4;17;1;2;178
1018;Gas 10-6;2018;Noviembre;47;10;3;40;20;19;68;220;32;24;18;99;38;12;30;7;25;665
1019;Eléctrico 10-7;2018;Noviembre;47;0;0;6;3;0;15;119;20;6;6;9;7;4;9;0;3;207
1020;No Clasificado 10-8;2018;Noviembre;47;3;0;12;6;10;48;66;41;46;22;155;81;14;35;0;3;542
1021;Otros Servicios 10-9;2018;Noviembre;47;7;39;57;65;23;260;287;371;113;110;153;292;47;612;10;31;2477
1022;Escombros 10-10;2018;Noviembre;47;2;0;1;0;1;18;38;0;4;2;7;9;2;3;0;0;87
1023;Servicio Aéreo 10-11;2018;Noviembre;47;0;0;0;0;0;0;0;0;0;0;0;0;0;0;0;0;0
1024;Apoyo a otros Cuerpos 10-12;2018;Noviembre;47;0;0;0;0;4;44;297;103;5;1;17;26;15;2;0;0;514
1025;Atentados Terroristas 10-13;2018;Noviembre;47;0;0;0;0;0;0;4;0;0;0;2;0;0;0;0;0;6
1026;Accidentes Aéreos 10-14;2018;Noviembre;47;0;0;0;0;0;0;1;2;0;0;0;0;0;0;0;0;3
1027;Simulacro 10-15;2018;Noviembre;47;2;0;5;4;0;11;29;31;19;11;21;35;11;24;8;4;215
1028;Túnel 10-16;2018;Noviembre;47;0;0;0;0;0;0;0;0;0;0;0;0;0;0;0;0;0
1029;Falsa Alarma 6-16;2018;Noviembre;47;2;0;1;0;0;16;27;4;4;3;4;8;2;4;2;2;79
1030;Inundación 10-17;2018;Noviembre;47;0;0;0;0;0;0;0;3;0;1;1;5;0;0;1;0;11
1031;Emergencia Marítima Portuaria 10-18;2018;Noviembre;47;0;0;2;1;0;0;0;0;0;0;0;0;0;0;0;0;3
1032;Incendio 10-30;2018;Noviembre;47;2;2;4;0;0;2;43;2;2;0;0;1;3;14;0;0;75
1033;Emergencia Metro de Santiago 10-19;2018;Noviembre;47;0;0;0;0;0;0;0;0;0;0;0;0;0;0;0;0;0
1034;Estructural 10-0;2018;diciembre;48;12;5;33;10;34;113;334;55;62;47;134;100;28;109;16;24;1116
1035;Vehículos 10-1;2018;diciembre;48;3;3;8;6;14;42;208;18;16;8;31;33;7;18;0;3;418
1036;Pastizales y/o Basura 10-2;2018;diciembre;48;25;10;23;30;112;633;943;537;403;136;427;249;41;134;8;11;3722
1037;Rescate de Emergencia 10-3;2018;diciembre;48;8;9;24;9;12;109;592;64;47;28;144;35;22;90;2;5;1200
1038;Rescate Vehicular 10-4;2018;diciembre;48;34;12;68;35;65;228;548;142;104;81;258;118;40;93;20;15;1861
1039;Haz-Mat 10-5;2018;diciembre;48;1;0;8;4;2;32;43;26;7;2;31;30;7;16;2;0;211
1040;Gas 10-6;2018;diciembre;48;3;3;30;14;17;82;305;34;32;18;93;29;7;43;3;19;732
1041;Eléctrico 10-7;2018;diciembre;48;0;0;9;12;6;27;101;20;4;6;10;11;3;10;1;5;225
1042;No Clasificado 10-8;2018;diciembre;48;4;2;26;3;11;50;55;51;48;34;156;66;9;20;7;7;549
1043;Otros Servicios 10-9;2018;diciembre;48;2;28;55;83;26;298;311;354;106;142;141;315;62;617;17;16;2573
1044;Escombros 10-10;2018;diciembre;48;1;0;4;0;0;32;28;2;4;1;6;6;3;5;1;0;93
1045;Servicio Aéreo 10-11;2018;diciembre;48;0;0;0;0;0;0;0;0;0;0;0;0;0;0;0;0;0
1046;Apoyo a otros Cuerpos 10-12;2018;diciembre;48;0;0;2;2;1;49;325;80;14;4;21;27;5;4;0;0;534
1047;Atentados Terroristas 10-13;2018;diciembre;48;0;0;0;0;0;0;2;0;1;0;0;0;0;0;0;0;3
1048;Accidentes Aéreos 10-14;2018;diciembre;48;0;0;0;0;0;0;0;0;2;0;0;0;0;0;0;0;2
1049;Simulacro 10-15;2018;diciembre;48;2;0;7;4;4;8;43;4;10;8;29;17;6;14;2;1;159
1050;Túnel 10-16;2018;diciembre;48;0;0;0;0;0;0;1;0;0;0;0;0;0;0;0;0;1
1051;Falsa Alarma 6-16;2018;diciembre;48;0;1;0;3;4;12;33;5;9;4;14;6;0;4;1;0;96
1052;Inundación 10-17;2018;diciembre;48;0;0;0;0;0;0;1;1;1;0;3;0;0;0;0;0;6
1053;Emergencia Marítima Portuaria 10-18;2018;diciembre;48;0;0;11;0;0;0;0;0;0;0;0;0;0;0;0;0;11
1054;Incendio 10-30;2018;diciembre;48;0;0;3;0;0;7;39;0;3;0;0;1;2;16;0;0;71
1055;Emergencia Metro de Santiago 10-19;2018;diciembre;48;0;0;0;0;0;0;0;0;0;0;0;0;0;0;0;0;0
1056;Estructural 10-0;2019;enero;49;9;11;26;17;25;96;369;113;97;41;150;113;41;104;18;25;1255
1057;Vehículos 10-1;2019;enero;49;7;7;11;6;9;37;245;23;38;17;35;38;12;18;5;7;515
1058;Pastizales y/o Basura 10-2;2019;enero;49;33;20;47;36;98;718;1057;748;730;315;767;615;78;131;10;10;5413
1059;Rescate de Emergencia 10-3;2019;enero;49;8;8;42;12;23;133;540;73;46;37;120;51;26;82;7;4;1212
1060;Rescate Vehicular 10-4;2019;enero;49;35;13;63;43;65;277;562;168;164;88;221;119;53;106;16;18;2011
1061;Haz-Mat 10-5;2019;enero;49;2;0;10;2;1;20;45;22;3;4;21;35;9;26;1;1;202
1062;Gas 10-6;2019;enero;49;10;6;33;11;18;62;357;30;27;23;105;56;16;38;2;10;804
1063;Eléctrico 10-7;2019;enero;49;5;4;6;3;15;23;119;20;8;8;17;8;4;9;0;3;252
1064;No Clasificado 10-8;2019;enero;49;7;0;17;4;12;64;76;67;54;21;143;69;20;16;2;5;577
1065;Otros Servicios 10-9;2019;enero;49;3;36;64;69;86;399;286;457;135;204;178;349;66;704;9;38;3083
1066;Escombros 10-10;2019;enero;49;1;0;0;3;5;63;58;10;11;14;12;10;1;10;1;1;200
1067;Servicio Aéreo 10-11;2019;enero;49;0;0;0;0;0;0;2;0;0;0;0;1;1;0;0;0;4
1068;Apoyo a otros Cuerpos 10-12;2019;enero;49;0;0;1;4;2;97;299;163;58;13;29;29;5;5;2;0;707
1069;Atentados Terroristas 10-13;2019;enero;49;0;0;0;0;0;0;5;0;0;0;0;0;1;0;0;0;6
1070;Accidentes Aéreos 10-14;2019;enero;49;0;0;0;0;0;0;1;1;0;0;0;0;0;0;0;0;2
1071;Simulacro 10-15;2019;enero;49;1;0;2;1;1;6;7;1;2;5;3;5;3;4;0;0;41
1072;Túnel 10-16;2019;enero;49;0;0;0;0;1;0;0;0;0;0;0;1;0;0;0;0;2
1073;Falsa Alarma 6-16;2019;enero;49;0;1;1;0;2;18;42;15;17;6;11;17;3;9;0;3;145
1074;Inundación 10-17;2019;enero;49;0;0;0;0;0;0;2;1;0;1;4;2;0;0;0;0;10
1075;Emergencia Marítima Portuaria 10-18;2019;enero;49;0;0;5;0;0;0;0;0;0;0;1;0;0;0;0;0;6
1076;Incendio 10-30;2019;enero;49;2;1;3;0;0;15;38;0;7;0;0;1;2;16;0;0;85
1077;Emergencia Metro de Santiago 10-19;2019;enero;49;0;0;0;0;0;0;1;0;0;0;0;0;0;0;0;0;1
1078;Estructural 10-0;2019;febrero;50;10;7;29;8;26;90;278;92;75;33;101;119;51;107;17;21;1064
1079;Vehículos 10-1;2019;febrero;50;3;2;13;5;10;46;192;20;18;11;22;25;14;24;5;5;415
1080;Pastizales y/o Basura 10-2;2019;febrero;50;16;5;28;30;103;574;759;509;618;376;720;1177;187;454;31;11;5598
1081;Rescate de Emergencia 10-3;2019;febrero;50;11;10;21;7;28;116;460;54;52;35;109;46;16;88;9;2;1064
1082;Rescate Vehicular 10-4;2019;febrero;50;21;9;63;34;61;297;483;172;181;68;217;155;69;105;15;7;1957
1083;Haz-Mat 10-5;2019;febrero;50;1;1;8;1;1;33;36;29;2;3;34;18;14;28;0;1;210
1084;Gas 10-6;2019;febrero;50;8;4;30;5;24;61;298;37;20;12;53;48;11;35;0;12;658
1085;Eléctrico 10-7;2019;febrero;50;1;2;18;4;7;30;94;16;5;19;11;18;6;14;0;1;246
1086;No Clasificado 10-8;2019;febrero;50;9;1;19;2;9;50;47;40;47;26;123;53;15;21;6;2;470
1087;Otros Servicios 10-9;2019;febrero;50;14;26;63;56;60;298;237;449;80;153;227;325;64;726;30;18;2826
1088;Escombros 10-10;2019;febrero;50;1;0;3;1;2;25;39;21;21;5;11;27;7;7;1;0;171
1089;Servicio Aéreo 10-11;2019;febrero;50;0;0;0;0;0;0;0;0;0;2;0;17;2;0;0;0;21
1090;Apoyo a otros Cuerpos 10-12;2019;febrero;50;0;2;3;0;2;50;337;140;40;42;138;178;18;38;2;0;990
1091;Atentados Terroristas 10-13;2019;febrero;50;0;0;0;0;0;0;3;0;1;0;1;0;0;0;0;0;5
1092;Accidentes Aéreos 10-14;2019;febrero;50;0;0;0;0;0;1;0;0;0;0;0;0;0;0;0;0;1
1093;Simulacro 10-15;2019;febrero;50;1;0;0;0;1;7;2;2;2;0;5;3;1;4;0;1;29
1094;Túnel 10-16;2019;febrero;50;0;0;0;0;0;1;0;0;0;0;1;0;0;0;0;0;2
1095;Falsa Alarma 6-16;2019;febrero;50;2;0;1;1;12;10;37;12;13;11;13;23;9;17;3;4;168
1096;Inundación 10-17;2019;febrero;50;0;0;0;0;0;0;0;0;0;0;1;0;0;0;0;0;1
1097;Emergencia Marítima Portuaria 10-18;2019;febrero;50;0;0;4;0;0;0;0;0;0;0;0;0;0;0;0;0;4
1098;Incendio 10-30;2019;febrero;50;3;0;3;0;0;5;35;2;8;0;0;0;4;17;0;0;77
1099;Emergencia Metro de Santiago 10-19;2019;febrero;50;0;0;0;0;0;0;2;0;0;0;0;0;0;0;0;0;2
1100;Estructural 10-0;2019;marzo;51;12;6;24;14;23;114;356;86;60;44;116;106;50;112;12;23;1158
1101;Vehículos 10-1;2019;marzo;51;3;4;16;6;9;42;257;25;18;10;27;38;9;29;2;5;500
1102;Pastizales y/o Basura 10-2;2019;marzo;51;21;11;31;24;61;463;710;455;567;212;462;1001;160;198;8;6;4390
1103;Rescate de Emergencia 10-3;2019;marzo;51;10;0;21;14;15;101;531;59;36;21;121;44;15;74;0;1;1063
1104;Rescate Vehicular 10-4;2019;marzo;51;24;15;60;35;29;255;546;145;160;73;226;109;56;92;13;10;1848
1105;Haz-Mat 10-5;2019;marzo;51;1;2;18;2;0;37;42;40;5;4;36;32;8;21;1;0;249
1106;Gas 10-6;2019;marzo;51;8;6;40;23;13;87;408;28;42;20;99;49;13;67;3;8;914
1107;Eléctrico 10-7;2019;marzo;51;1;5;6;3;4;15;113;30;1;2;12;11;8;15;1;3;230
1108;No Clasificado 10-8;2019;marzo;51;9;0;12;4;10;52;70;48;59;20;156;68;12;22;1;3;546
1109;Otros Servicios 10-9;2019;marzo;51;13;21;46;60;38;354;223;418;116;137;131;278;71;639;7;22;2574
1110;Escombros 10-10;2019;marzo;51;2;0;3;0;0;28;31;9;28;3;14;22;8;5;0;2;155
1111;Servicio Aéreo 10-11;2019;marzo;51;0;0;0;0;0;0;2;0;0;0;0;0;1;2;0;0;5
1112;Apoyo a otros Cuerpos 10-12;2019;marzo;51;0;5;2;1;1;24;246;80;77;11;30;64;16;9;1;0;567
1113;Atentados Terroristas 10-13;2019;marzo;51;0;0;0;0;0;0;1;0;0;0;1;0;0;0;0;0;2
1114;Accidentes Aéreos 10-14;2019;marzo;51;0;0;0;0;0;0;0;0;0;0;0;1;1;0;0;0;2
1115;Simulacro 10-15;2019;marzo;51;1;1;2;2;0;5;7;0;0;3;11;7;6;4;2;3;54
1116;Túnel 10-16;2019;marzo;51;0;0;0;0;0;0;2;0;0;0;0;0;0;0;0;0;2
1117;Falsa Alarma 6-16;2019;marzo;51;0;0;2;1;11;11;20;8;14;5;8;29;2;6;1;6;124
1118;Inundación 10-17;2019;marzo;51;0;0;0;0;0;0;0;0;0;1;1;0;0;0;0;0;2
1119;Emergencia Marítima Portuaria 10-18;2019;marzo;51;0;0;1;0;0;0;0;0;0;0;1;0;0;0;0;0;2
1120;Incendio 10-30;2019;marzo;51;0;0;5;0;0;5;30;0;7;0;0;0;1;11;0;0;59
1121;Emergencia Metro de Santiago 10-19;2019;marzo;51;0;0;0;0;0;0;1;0;0;0;0;0;0;0;0;0;1
1122;Estructural 10-0;2019;abril;52;7;15;37;7;23;101;281;81;107;63;162;139;48;130;13;15;1229
1123;Vehículos 10-1;2019;abril;52;6;2;8;8;11;39;185;13;20;6;20;17;9;11;3;11;369
1124;Pastizales y/o Basura 10-2;2019;abril;52;7;12;48;35;43;302;578;339;457;389;388;452;51;87;4;5;3197
1125;Rescate de Emergencia 10-3;2019;abril;52;2;5;23;6;9;99;498;49;51;25;123;35;20;62;1;1;1009
1126;Rescate Vehicular 10-4;2019;abril;52;27;21;45;48;29;191;549;150;133;66;252;103;41;96;17;13;1781
1127;Haz-Mat 10-5;2019;abril;52;1;0;7;3;4;30;44;20;2;3;29;32;9;28;1;0;213
1128;Gas 10-6;2019;abril;52;5;10;38;32;28;65;413;51;38;21;95;57;18;55;4;11;941
1129;Eléctrico 10-7;2019;abril;52;1;3;7;4;7;24;124;11;8;2;15;9;4;15;0;4;238
1130;No Clasificado 10-8;2019;abril;52;5;2;8;1;9;52;52;32;51;18;158;74;12;15;1;12;502
1131;Otros Servicios 10-9;2019;abril;52;9;23;56;53;28;308;219;387;92;111;155;247;51;523;5;34;2301
1132;Escombros 10-10;2019;abril;52;0;2;1;0;2;13;27;12;11;4;9;13;1;4;0;0;99
1133;Servicio Aéreo 10-11;2019;abril;52;0;0;0;0;0;0;2;0;0;0;0;0;0;0;0;0;2
1134;Apoyo a otros Cuerpos 10-12;2019;abril;52;0;0;0;0;2;16;190;63;32;13;19;38;3;4;0;0;380
1135;Atentados Terroristas 10-13;2019;abril;52;0;0;0;0;0;0;0;0;0;0;0;0;0;0;0;0;0
1136;Accidentes Aéreos 10-14;2019;abril;52;0;0;0;0;0;0;1;0;0;0;0;0;0;1;0;0;2
1137;Simulacro 10-15;2019;abril;52;1;0;1;0;4;11;12;4;8;3;10;18;9;12;2;3;98
1138;Túnel 10-16;2019;abril;52;0;0;0;1;0;0;0;0;0;0;0;0;0;0;0;0;1
1139;Falsa Alarma 6-16;2019;abril;52;1;1;2;0;4;11;27;3;12;6;11;9;5;13;1;5;111
1140;Inundación 10-17;2019;abril;52;0;0;0;0;0;0;0;0;0;0;0;0;0;2;0;0;2
1141;Emergencia Marítima Portuaria 10-18;2019;abril;52;0;0;4;0;0;0;0;0;0;0;0;0;0;0;0;0;4
1142;Incendio 10-30;2019;abril;52;1;0;6;0;0;4;25;0;1;0;0;0;0;14;0;0;51
1143;Emergencia Metro de Santiago 10-19;2019;abril;52;0;0;0;0;0;0;1;0;0;0;0;0;0;0;0;0;1
1144;Estructural 10-0;2019;mayo;53;8;20;42;22;33;136;376;114;100;60;192;170;58;160;38;19;1548
1145;Vehículos 10-1;2019;mayo;53;6;12;6;3;14;46;206;24;15;5;26;22;4;14;1;3;407
1146;Pastizales y/o Basura 10-2;2019;mayo;53;11;16;40;20;64;433;620;441;132;94;123;88;7;53;6;2;2150
1147;Rescate de Emergencia 10-3;2019;mayo;53;11;10;22;7;16;106;640;62;35;25;123;44;16;77;4;2;1200
1148;Rescate Vehicular 10-4;2019;mayo;53;25;22;64;36;44;237;519;176;170;86;283;116;55;108;20;15;1976
1149;Haz-Mat 10-5;2019;mayo;53;0;4;14;3;0;54;58;20;6;0;35;41;1;26;2;36;300
1150;Gas 10-6;2019;mayo;53;8;34;37;27;20;87;399;58;66;24;106;70;12;63;3;22;1036
1151;Eléctrico 10-7;2019;mayo;53;1;1;18;6;6;40;275;36;21;10;27;10;5;15;2;2;475
1152;No Clasificado 10-8;2019;mayo;53;4;11;15;1;13;72;104;62;58;46;215;75;15;34;2;5;732
1153;Otros Servicios 10-9;2019;mayo;53;4;46;57;61;41;335;291;534;107;94;227;265;66;674;6;38;2846
1154;Escombros 10-10;2019;mayo;53;0;2;0;0;4;25;19;3;2;1;12;3;0;4;0;0;75
1155;Servicio Aéreo 10-11;2019;mayo;53;0;0;0;0;0;0;0;0;0;2;0;0;0;0;0;0;2
1156;Apoyo a otros Cuerpos 10-12;2019;mayo;53;0;0;0;2;4;29;197;50;8;5;21;22;0;6;0;0;344
1157;Atentados Terroristas 10-13;2019;mayo;53;0;0;0;0;0;1;3;0;1;1;1;0;1;0;0;0;8
1158;Accidentes Aéreos 10-14;2019;mayo;53;0;0;0;0;0;0;0;0;1;0;0;0;0;0;0;0;1
1159;Simulacro 10-15;2019;mayo;53;2;3;4;2;2;10;21;4;9;8;21;45;5;18;4;2;160
1160;Túnel 10-16;2019;mayo;53;0;0;0;0;0;0;0;0;0;0;9;0;0;0;0;0;9
1161;Falsa Alarma 6-16;2019;mayo;53;1;2;1;1;3;17;20;4;8;6;6;3;1;5;0;2;80
1162;Inundación 10-17;2019;mayo;53;0;0;0;0;0;0;6;0;2;2;34;1;0;10;0;0;55
1163;Emergencia Marítima Portuaria 10-18;2019;mayo;53;0;0;1;0;0;0;0;0;0;0;0;0;0;0;0;0;1
1164;Incendio 10-30;2019;mayo;53;0;3;1;0;0;3;23;1;8;0;2;0;1;14;0;0;56
1165;Emergencia Metro de Santiago 10-19;2019;mayo;53;0;0;0;0;0;0;0;0;0;0;0;0;0;0;0;0;0
1166;Estructural 10-0;2019;Junio;54;6;12;28;13;26;178;359;119;128;85;228;237;87;202;29;23;1760
1167;Vehículos 10-1;2019;Junio;54;3;5;13;4;12;32;220;13;25;8;23;20;5;18;0;5;406
1168;Pastizales y/o Basura 10-2;2019;Junio;54;9;12;41;44;41;206;308;133;22;8;21;23;7;50;3;3;931
1169;Rescate de Emergencia 10-3;2019;Junio;54;9;8;25;6;23;97;597;59;93;24;129;24;25;73;2;5;1199
1170;Rescate Vehicular 10-4;2019;Junio;54;28;20;60;27;48;265;539;125;126;69;251;116;32;125;23;17;1871
1171;Haz-Mat 10-5;2019;Junio;54;2;5;7;4;1;51;78;21;8;1;46;57;12;34;0;10;337
1172;Gas 10-6;2019;Junio;54;11;17;40;23;21;97;485;85;48;24;140;66;6;51;5;16;1135
1173;Eléctrico 10-7;2019;Junio;54;0;2;8;3;6;26;286;18;14;5;35;14;2;18;2;1;440
1174;No Clasificado 10-8;2019;Junio;54;2;2;9;5;13;59;98;51;54;85;225;92;18;25;2;4;744
1175;Otros Servicios 10-9;2019;Junio;54;4;42;47;64;51;298;279;415;92;153;251;384;69;621;7;37;2814
1176;Escombros 10-10;2019;Junio;54;0;0;1;1;1;17;7;7;7;1;11;8;1;5;0;0;67
1177;Servicio Aéreo 10-11;2019;Junio;54;0;0;0;0;0;0;1;0;0;0;0;0;0;0;0;0;1
1178;Apoyo a otros Cuerpos 10-12;2019;Junio;54;0;3;6;3;2;16;208;22;21;5;17;13;2;4;0;0;322
1179;Atentados Terroristas 10-13;2019;Junio;54;0;0;0;0;0;0;1;0;0;0;0;0;0;0;0;0;1
1180;Accidentes Aéreos 10-14;2019;Junio;54;0;0;0;0;0;0;0;1;0;0;0;0;0;0;0;0;1
1181;Simulacro 10-15;2019;Junio;54;11;0;3;0;2;15;14;5;11;1;3;17;2;13;1;1;99
1182;Túnel 10-16;2019;Junio;54;0;0;0;0;1;0;1;1;0;0;8;0;0;0;0;0;11
1183;Falsa Alarma 6-16;2019;Junio;54;3;1;0;2;5;12;15;6;4;2;7;1;2;10;6;3;79
1184;Inundación 10-17;2019;Junio;54;0;0;0;0;0;0;0;2;0;17;159;12;2;3;0;0;195
1185;Emergencia Marítima Portuaria 10-18;2019;Junio;54;0;0;0;0;0;0;0;0;0;0;0;0;0;1;0;0;1
1186;Incendio 10-30;2019;Junio;54;2;1;3;0;0;1;21;1;3;0;0;0;0;15;0;0;47
1187;Emergencia Metro de Santiago 10-19;2019;Junio;54;0;0;0;0;0;0;0;0;0;0;0;0;0;0;0;0;0
1188;Estructural 10-0;2019;Julio;55;7;26;48;11;39;174;417;107;135;78;217;209;87;185;23;22;1785
1189;Vehículos 10-1;2019;Julio;55;3;8;11;5;9;35;188;15;22;11;20;18;5;14;2;4;370
1190;Pastizales y/o Basura 10-2;2019;Julio;55;20;19;42;37;53;224;322;103;28;9;29;18;1;65;5;2;977
1191;Rescate de Emergencia 10-3;2019;Julio;55;7;6;27;3;25;135;604;69;48;25;131;37;30;78;1;3;1229
1192;Rescate Vehicular 10-4;2019;Julio;55;30;22;55;24;48;275;517;138;119;91;225;150;46;106;13;13;1872
1193;Haz-Mat 10-5;2019;Julio;55;1;0;12;1;4;48;70;36;4;4;49;54;14;38;0;2;337
1194;Gas 10-6;2019;Julio;55;12;9;27;21;21;124;507;61;52;22;107;84;15;54;3;13;1132
1195;Eléctrico 10-7;2019;Julio;55;1;5;10;6;3;22;181;9;12;4;13;6;2;9;1;3;287
1196;No Clasificado 10-8;2019;Julio;55;6;2;5;3;8;54;76;36;34;44;192;87;24;31;2;2;606
1197;Otros Servicios 10-9;2019;Julio;55;7;38;60;46;36;309;248;364;97;118;147;357;81;575;6;30;2519
1198;Escombros 10-10;2019;Julio;55;0;0;0;2;0;14;13;7;6;0;3;6;1;6;0;3;61
1199;Servicio Aéreo 10-11;2019;Julio;55;0;0;0;0;0;0;0;0;0;0;0;0;0;0;0;0;0
1200;Apoyo a otros Cuerpos 10-12;2019;Julio;55;0;4;1;1;5;22;194;28;16;0;9;14;10;3;0;0;307
1201;Atentados Terroristas 10-13;2019;Julio;55;0;0;0;0;0;0;2;0;0;0;0;0;0;0;0;0;2
1202;Accidentes Aéreos 10-14;2019;Julio;55;0;0;0;0;0;0;0;0;0;0;0;0;0;0;0;0;0
1203;Simulacro 10-15;2019;Julio;55;2;0;3;1;2;12;10;9;4;5;2;18;2;7;2;1;80
1204;Túnel 10-16;2019;Julio;55;0;0;0;0;1;0;0;0;0;2;0;0;0;0;0;0;3
1205;Falsa Alarma 6-16;2019;Julio;55;0;3;1;1;1;8;21;11;5;2;5;7;1;4;2;2;74
1206;Inundación 10-17;2019;Julio;55;0;0;0;0;1;0;0;0;1;4;22;13;9;1;0;0;51
1207;Emergencia Marítima Portuaria 10-18;2019;Julio;55;0;0;1;0;0;0;0;0;0;0;2;0;0;0;0;0;3
1208;Incendio 10-30;2019;Julio;55;0;1;3;0;0;4;15;1;2;0;5;2;0;15;0;0;48
1209;Emergencia Metro de Santiago 10-19;2019;Julio;55;0;0;0;0;0;0;0;0;0;0;0;0;0;0;0;0;0
1210;Estructural 10-0;2019;Agosto;56;9;19;35;17;35;136;389;90;134;75;235;200;67;162;24;17;1644
1211;Vehículos 10-1;2019;Agosto;56;2;4;15;4;8;34;212;11;22;5;23;19;3;10;3;3;378
1212;Pastizales y/o Basura 10-2;2019;Agosto;56;12;13;53;35;81;313;554;380;97;22;35;32;6;58;12;0;1703
1213;Rescate de Emergencia 10-3;2019;Agosto;56;9;7;15;5;21;104;656;68;46;21;131;45;41;70;3;2;1244
1214;Rescate Vehicular 10-4;2019;Agosto;56;25;23;57;29;33;237;541;148;125;78;219;108;50;102;22;13;1810
1215;Haz-Mat 10-5;2019;Agosto;56;0;2;10;1;2;33;46;33;5;4;50;61;11;41;0;1;300
1216;Gas 10-6;2019;Agosto;56;5;6;43;22;28;119;446;62;40;20;102;100;21;55;6;16;1091
1217;Eléctrico 10-7;2019;Agosto;56;0;2;5;6;8;16;113;12;10;8;12;11;3;14;4;5;229
1218;No Clasificado 10-8;2019;Agosto;56;8;3;12;3;15;52;65;52;47;25;141;53;10;41;5;12;544
1219;Otros Servicios 10-9;2019;Agosto;56;5;39;60;33;31;361;259;502;80;141;127;308;41;508;13;33;2541
1220;Escombros 10-10;2019;Agosto;56;3;1;2;1;5;26;29;5;1;0;0;4;0;7;1;1;86
1221;Servicio Aéreo 10-11;2019;Agosto;56;0;0;0;0;0;0;0;0;1;0;0;0;0;0;0;0;1
1222;Apoyo a otros Cuerpos 10-12;2019;Agosto;56;0;0;0;4;7;29;309;19;5;5;10;20;10;5;0;0;423
1223;Atentados Terroristas 10-13;2019;Agosto;56;0;0;0;0;0;0;2;0;1;0;0;0;0;1;0;0;4
1224;Accidentes Aéreos 10-14;2019;Agosto;56;0;0;0;0;0;0;0;0;1;0;1;1;0;0;0;0;3
1225;Simulacro 10-15;2019;Agosto;56;1;2;10;1;1;10;18;2;9;2;13;21;2;9;2;2;105
1226;Túnel 10-16;2019;Agosto;56;0;0;0;0;0;0;0;0;0;0;0;0;0;0;0;0;0
1227;Falsa Alarma 6-16;2019;Agosto;56;0;2;1;0;3;15;27;12;4;1;2;5;2;6;1;3;84
1228;Inundación 10-17;2019;Agosto;56;0;0;0;0;0;0;1;2;0;0;7;0;0;6;0;0;16
1229;Emergencia Marítima Portuaria 10-18;2019;Agosto;56;0;0;1;0;0;0;0;0;0;0;0;0;0;0;0;0;1
1230;Incendio 10-30;2019;Agosto;56;1;1;3;0;0;4;35;2;4;0;0;0;0;8;0;0;58
1231;Emergencia Metro de Santiago 10-19;2019;Agosto;56;0;0;0;0;0;0;1;0;0;0;0;0;0;0;0;0;1
1232;Estructural 10-0;2019;septiembre;57;4;29;38;10;33;135;321;98;109;53;190;174;72;152;26;10;1454
1233;Vehículos 10-1;2019;septiembre;57;5;8;8;1;8;39;220;10;13;9;26;13;6;7;1;6;380
1234;Pastizales y/o Basura 10-2;2019;septiembre;57;15;12;54;46;79;270;605;434;158;81;139;174;26;114;6;4;2217
1235;Rescate de Emergencia 10-3;2019;septiembre;57;1;12;27;5;18;111;564;52;49;49;126;38;29;69;4;3;1157
1236;Rescate Vehicular 10-4;2019;septiembre;57;21;17;59;27;54;244;540;140;119;76;244;111;37;104;11;8;1812
1237;Haz-Mat 10-5;2019;septiembre;57;0;3;9;0;2;29;35;17;7;5;37;74;10;41;0;4;273
1238;Gas 10-6;2019;septiembre;57;11;12;27;8;18;87;234;48;35;24;108;47;17;40;3;10;729
1239;Eléctrico 10-7;2019;septiembre;57;1;3;13;1;6;14;123;9;4;7;11;4;0;4;1;2;203
1240;No Clasificado 10-8;2019;septiembre;57;6;1;10;9;21;47;71;44;35;43;132;37;14;40;3;8;521
1241;Otros Servicios 10-9;2019;septiembre;57;3;40;77;32;30;345;298;448;121;169;87;348;54;398;10;45;2505
1242;Escombros 10-10;2019;septiembre;57;0;0;3;0;3;22;16;10;2;3;2;3;0;6;1;0;71
1243;Servicio Aéreo 10-11;2019;septiembre;57;0;0;0;0;0;0;2;0;0;0;0;0;0;0;0;0;2
1244;Apoyo a otros Cuerpos 10-12;2019;septiembre;57;0;0;0;0;2;13;200;34;12;4;8;19;3;12;0;0;307
1245;Atentados Terroristas 10-13;2019;septiembre;57;0;0;0;0;0;0;1;0;1;0;1;2;0;0;0;0;5
1246;Accidentes Aéreos 10-14;2019;septiembre;57;0;0;0;0;0;0;1;0;0;0;0;0;0;0;0;0;1
1247;Simulacro 10-15;2019;septiembre;57;2;2;5;1;1;20;13;6;7;3;10;18;3;17;6;1;115
1248;Túnel 10-16;2019;septiembre;57;0;0;0;0;0;1;0;0;0;0;1;1;0;0;0;0;3
1249;Falsa Alarma 6-16;2019;septiembre;57;0;0;0;0;1;15;27;8;2;6;10;2;5;4;0;2;82
1250;Inundación 10-17;2019;septiembre;57;0;0;0;0;0;0;0;0;1;0;5;0;0;1;0;0;7
1251;Emergencia Marítima Portuaria 10-18;2019;septiembre;57;0;0;0;0;0;0;0;0;0;0;0;0;0;0;0;0;0
1252;Incendio 10-30;2019;septiembre;57;0;1;2;0;1;9;26;3;6;0;0;1;0;12;0;0;61
1253;Emergencia Metro de Santiago 10-19;2019;septiembre;57;0;0;0;0;0;0;1;0;0;0;0;0;0;0;0;0;1
1254;Estructural 10-0;2019;octubre;58;10;28;73;17;46;221;612;89;98;61;224;152;83;141;22;22;1899
1255;Vehículos 10-1;2019;octubre;58;2;9;20;4;7;48;270;19;28;10;21;32;9;22;2;13;516
1256;Pastizales y/o Basura 10-2;2019;octubre;58;32;17;155;77;127;704;949;550;308;121;257;360;78;298;16;40;4089
1257;Rescate de Emergencia 10-3;2019;octubre;58;12;4;17;4;20;95;630;73;42;39;126;45;21;67;2;4;1201
1258;Rescate Vehicular 10-4;2019;octubre;58;31;26;64;30;33;182;510;100;109;56;197;97;42;108;17;7;1609
1259;Haz-Mat 10-5;2019;octubre;58;0;1;15;3;5;28;45;28;6;10;36;56;14;43;0;7;297
1260;Gas 10-6;2019;octubre;58;5;12;25;17;14;76;305;37;28;16;95;71;15;46;0;17;779
1261;Eléctrico 10-7;2019;octubre;58;3;2;8;1;4;21;81;12;7;12;11;15;5;6;1;2;191
1262;No Clasificado 10-8;2019;octubre;58;5;1;10;4;12;108;192;68;55;43;229;191;28;26;2;8;982
1263;Otros Servicios 10-9;2019;octubre;58;8;59;46;28;53;288;240;391;84;133;153;328;112;353;5;47;2328
1264;Escombros 10-10;2019;octubre;58;1;0;4;0;7;72;110;12;10;2;10;3;7;4;0;0;242
1265;Servicio Aéreo 10-11;2019;octubre;58;0;0;0;0;0;2;1;0;0;2;0;0;0;0;0;0;5
1266;Apoyo a otros Cuerpos 10-12;2019;octubre;58;0;0;1;6;3;48;343;45;6;1;18;29;7;4;0;0;511
1267;Atentados Terroristas 10-13;2019;octubre;58;0;0;0;0;0;0;3;1;4;4;1;0;0;2;1;0;16
1268;Accidentes Aéreos 10-14;2019;octubre;58;0;0;0;0;0;0;0;0;0;0;0;0;0;1;0;0;1
1269;Simulacro 10-15;2019;octubre;58;2;2;4;1;2;1;10;13;7;1;8;20;7;18;0;3;99
1270;Túnel 10-16;2019;octubre;58;0;0;0;1;0;1;0;0;0;0;4;0;0;0;0;0;6
1271;Falsa Alarma 6-16;2019;octubre;58;0;0;1;2;0;11;32;7;3;6;6;8;5;13;0;2;96
1272;Inundación 10-17;2019;octubre;58;0;0;0;0;0;0;2;0;0;0;5;0;0;0;0;0;7
1273;Emergencia Marítima Portuaria 10-18;2019;octubre;58;0;0;2;0;0;0;0;0;0;0;0;0;0;0;0;0;2
1274;Incendio 10-30;2019;octubre;58;0;1;5;0;0;11;67;2;5;0;0;1;2;16;0;0;110
1275;Emergencia Metro de Santiago 10-19;2019;octubre;58;0;0;0;0;0;0;0;0;0;0;0;0;0;0;0;0;0
1276;Estructural 10-0;2019;Noviembre;59;11;17;67;23;31;165;480;106;93;35;189;110;40;141;14;26;1548
1277;Vehículos 10-1;2019;Noviembre;59;3;8;16;7;11;49;269;20;24;6;27;24;11;15;4;10;504
1278;Pastizales y/o Basura 10-2;2019;Noviembre;59;16;25;134;83;65;657;1138;653;517;122;384;302;47;225;10;22;4400
1279;Rescate de Emergencia 10-3;2019;Noviembre;59;8;3;13;6;15;81;605;84;62;36;124;49;30;73;1;5;1195
1280;Rescate Vehicular 10-4;2019;Noviembre;59;28;22;62;43;37;221;619;156;118;72;217;102;53;103;12;14;1879
1281;Haz-Mat 10-5;2019;Noviembre;59;0;0;10;3;3;22;38;27;8;4;32;46;11;43;1;2;250
1282;Gas 10-6;2019;Noviembre;59;12;5;22;16;16;62;187;30;30;17;76;32;17;50;2;9;583
1283;Eléctrico 10-7;2019;Noviembre;59;2;1;7;2;2;13;104;18;6;11;9;9;4;6;0;1;195
1284;No Clasificado 10-8;2019;Noviembre;59;3;1;5;1;10;81;153;49;62;28;165;96;23;48;1;10;736
1285;Otros Servicios 10-9;2019;Noviembre;59;4;27;39;22;41;217;206;365;76;138;120;307;81;402;9;17;2071
1286;Escombros 10-10;2019;Noviembre;59;13;3;13;2;4;45;95;16;19;1;14;6;4;17;0;2;254
1287;Servicio Aéreo 10-11;2019;Noviembre;59;0;0;0;0;0;0;2;1;0;0;0;0;0;0;0;0;3
1288;Apoyo a otros Cuerpos 10-12;2019;Noviembre;59;0;0;1;12;2;98;343;62;9;1;18;16;2;5;0;0;569
1289;Atentados Terroristas 10-13;2019;Noviembre;59;0;0;0;1;0;1;1;0;0;0;3;1;0;0;0;0;7
1290;Accidentes Aéreos 10-14;2019;Noviembre;59;0;0;0;0;0;1;0;0;0;0;0;0;0;0;0;0;1
1291;Simulacro 10-15;2019;Noviembre;59;0;2;1;0;1;1;5;5;4;1;5;11;1;5;1;2;45
1292;Túnel 10-16;2019;Noviembre;59;0;0;0;1;0;0;2;0;0;0;4;0;0;0;0;0;7
1293;Falsa Alarma 6-16;2019;Noviembre;59;2;0;0;0;2;9;36;19;6;0;3;7;1;6;0;1;92
1294;Inundación 10-17;2019;Noviembre;59;0;0;0;0;0;0;0;0;0;0;1;0;0;0;0;0;1
1295;Emergencia Marítima Portuaria 10-18;2019;Noviembre;59;0;0;4;0;0;0;0;0;0;0;0;0;0;1;0;0;5
1296;Incendio 10-30;2019;Noviembre;59;5;0;12;0;0;12;51;3;12;0;0;1;1;17;0;0;114
1297;Emergencia Metro de Santiago 10-19;2019;Noviembre;59;0;0;0;0;0;0;0;0;0;0;0;0;0;0;0;0;0
1298;Estructural 10-0;2019;diciembre;60;1;12;41;7;38;141;431;103;79;38;131;88;40;102;15;14;1281
1299;Vehículos 10-1;2019;diciembre;60;5;5;30;7;15;49;290;27;23;4;24;16;7;18;1;6;527
1300;Pastizales y/o Basura 10-2;2019;diciembre;60;19;24;77;20;74;436;957;591;633;154;523;355;43;153;14;5;4078
1301;Rescate de Emergencia 10-3;2019;diciembre;60;2;5;15;4;18;109;724;79;59;33;146;47;26;91;4;4;1366
1302;Rescate Vehicular 10-4;2019;diciembre;60;31;26;64;36;42;245;785;171;162;72;281;122;54;115;27;17;2250
1303;Haz-Mat 10-5;2019;diciembre;60;1;0;17;0;1;13;36;38;11;6;29;36;10;26;0;0;224
1304;Gas 10-6;2019;diciembre;60;9;5;15;7;9;54;230;33;30;12;65;40;9;51;3;23;595
1305;Eléctrico 10-7;2019;diciembre;60;0;3;5;2;4;27;116;13;15;10;10;11;5;15;0;3;239
1306;No Clasificado 10-8;2019;diciembre;60;9;3;13;4;3;85;95;36;58;26;104;64;4;49;1;2;556
1307;Otros Servicios 10-9;2019;diciembre;60;5;45;66;21;41;251;278;397;67;186;110;361;67;403;10;16;2324
1308;Escombros 10-10;2019;diciembre;60;0;2;8;0;4;39;67;23;30;0;8;2;1;6;0;0;190
1309;Servicio Aéreo 10-11;2019;diciembre;60;0;0;0;0;0;0;0;0;0;0;0;0;0;0;0;0;0
1310;Apoyo a otros Cuerpos 10-12;2019;diciembre;60;0;1;0;6;0;74;425;164;64;6;42;25;7;4;1;0;819
1311;Atentados Terroristas 10-13;2019;diciembre;60;0;0;0;0;0;0;0;0;0;0;0;1;1;0;0;0;2
1312;Accidentes Aéreos 10-14;2019;diciembre;60;0;0;0;0;0;0;0;0;1;0;1;0;0;0;0;0;2
1313;Simulacro 10-15;2019;diciembre;60;1;0;0;0;1;3;11;7;10;5;26;20;7;18;0;1;110
1314;Túnel 10-16;2019;diciembre;60;0;0;0;0;0;0;0;0;0;0;0;1;0;0;0;0;1
1315;Falsa Alarma 6-16;2019;diciembre;60;3;1;0;0;4;16;30;12;8;2;7;7;2;3;0;1;96
1316;Inundación 10-17;2019;diciembre;60;0;0;1;0;0;0;0;0;0;0;0;1;0;0;0;0;2
1317;Emergencia Marítima Portuaria 10-18;2019;diciembre;60;0;0;2;0;0;0;0;0;0;0;0;0;0;0;0;0;2
1318;Incendio 10-30;2019;diciembre;60;0;0;2;0;0;10;49;3;13;0;0;3;1;13;0;0;94
1319;Emergencia Metro de Santiago 10-19;2019;diciembre;60;0;0;0;0;0;0;0;0;0;0;0;0;0;0;0;0;0
1320;Estructural 10-0;2020;enero;61;9;35;59;21;46;124;381;85;84;53;144;90;49;129;22;25;1356
1321;Vehículos 10-1;2020;enero;61;5;12;23;8;17;49;223;16;28;7;35;32;8;20;3;8;494
1322;Pastizales y/o Basura 10-2;2020;enero;61;20;35;82;36;87;405;751;517;626;321;872;763;98;162;5;8;4788
1323;Rescate de Emergencia 10-3;2020;enero;61;16;18;36;14;18;137;653;81;60;37;142;59;34;107;6;4;1422
1324;Rescate Vehicular 10-4;2020;enero;61;35;31;99;63;67;311;673;182;201;118;263;129;66;104;28;11;2381
1325;Haz-Mat 10-5;2020;enero;61;1;3;9;0;2;22;48;58;9;2;29;26;15;40;0;0;264
1326;Gas 10-6;2020;enero;61;14;14;41;15;14;55;211;20;31;11;65;31;11;31;4;6;574
1327;Eléctrico 10-7;2020;enero;61;2;10;26;3;5;27;107;33;15;19;12;13;2;13;0;2;289
1328;No Clasificado 10-8;2020;enero;61;10;9;5;4;16;74;96;67;51;28;95;51;10;18;3;9;546
1329;Otros Servicios 10-9;2020;enero;61;3;53;67;50;50;291;257;410;101;233;127;389;80;426;17;27;2581
1330;Escombros 10-10;2020;enero;61;0;0;2;0;3;31;34;18;27;4;16;12;0;9;1;2;159
1331;Servicio Aéreo 10-11;2020;enero;61;0;0;1;0;0;0;2;1;0;0;0;0;0;0;0;0;4
1332;Apoyo a otros Cuerpos 10-12;2020;enero;61;0;1;0;2;1;31;278;85;50;40;119;96;8;5;0;0;716
1333;Atentados Terroristas 10-13;2020;enero;61;0;0;0;0;0;0;0;0;1;0;0;4;0;0;0;0;5
1334;Accidentes Aéreos 10-14;2020;enero;61;0;0;0;0;0;0;1;0;0;0;0;2;1;0;0;0;4
1335;Simulacro 10-15;2020;enero;61;0;0;2;1;1;3;5;2;7;9;7;2;4;3;0;0;46
1336;Túnel 10-16;2020;enero;61;0;0;0;0;0;0;0;0;0;0;1;0;0;1;0;0;2
1337;Falsa Alarma 6-16;2020;enero;61;1;0;2;1;4;22;32;23;14;8;12;20;5;6;1;0;151
1338;Inundación 10-17;2020;enero;61;0;0;0;0;0;0;2;1;0;0;4;0;0;0;0;0;7
1339;Emergencia Marítima Portuaria 10-18;2020;enero;61;0;0;6;0;0;0;0;0;0;0;0;0;0;0;0;0;6
1340;Incendio 10-30;2020;enero;61;0;3;3;0;0;6;34;4;16;0;0;12;0;9;0;0;87
1341;Emergencia Metro de Santiago 10-19;2020;enero;61;0;0;0;0;0;0;2;0;0;0;0;0;0;0;0;0;2
1342;Estructural 10-0;2020;febrero;62;2;23;36;14;31;124;320;95;68;47;123;110;45;133;11;19;1201
1343;Vehículos 10-1;2020;febrero;62;4;9;11;9;11;40;202;25;29;15;31;40;13;22;3;10;474
1344;Pastizales y/o Basura 10-2;2020;febrero;62;18;30;46;21;65;400;689;449;597;312;692;918;146;148;4;9;4544
1345;Rescate de Emergencia 10-3;2020;febrero;62;14;8;28;10;22;124;605;76;54;54;115;87;44;95;5;5;1346
1346;Rescate Vehicular 10-4;2020;febrero;62;25;34;72;42;83;367;630;210;184;98;257;154;83;179;14;18;2450
1347;Haz-Mat 10-5;2020;febrero;62;0;0;10;2;5;30;42;35;19;3;33;32;12;35;0;2;260
1348;Gas 10-6;2020;febrero;62;8;9;25;8;10;49;211;30;22;17;48;28;9;43;5;10;532
1349;Eléctrico 10-7;2020;febrero;62;4;1;8;8;5;17;82;16;8;7;11;25;8;19;1;2;222
1350;No Clasificado 10-8;2020;febrero;62;8;5;8;9;12;79;85;54;45;31;102;60;12;30;6;6;552
1351;Otros Servicios 10-9;2020;febrero;62;4;44;85;35;35;247;218;337;79;176;104;441;96;485;9;28;2423
1352;Escombros 10-10;2020;febrero;62;0;3;6;0;2;44;19;26;39;5;13;18;2;5;1;3;186
1353;Servicio Aéreo 10-11;2020;febrero;62;0;0;0;0;0;0;0;0;0;0;0;0;1;0;0;0;1
1354;Apoyo a otros Cuerpos 10-12;2020;febrero;62;0;2;0;5;3;44;216;136;151;21;58;141;27;4;0;0;808
1355;Atentados Terroristas 10-13;2020;febrero;62;0;0;0;0;0;0;2;0;0;0;0;1;0;3;0;0;6
1356;Accidentes Aéreos 10-14;2020;febrero;62;0;0;0;0;0;0;0;0;0;0;0;1;0;0;0;0;1
1357;Simulacro 10-15;2020;febrero;62;2;0;3;0;0;4;1;4;6;5;6;2;4;1;0;0;38
1358;Túnel 10-16;2020;febrero;62;0;0;0;1;0;0;0;0;0;0;0;0;0;0;0;0;1
1359;Falsa Alarma 6-16;2020;febrero;62;0;1;0;2;3;19;33;19;14;7;17;17;2;6;2;3;145
1360;Inundación 10-17;2020;febrero;62;0;0;0;0;0;0;0;0;0;0;2;0;0;0;0;0;2
1361;Emergencia Marítima Portuaria 10-18;2020;febrero;62;0;0;8;0;0;0;0;0;0;0;0;0;0;0;0;0;8
1362;Incendio 10-30;2020;febrero;62;0;1;1;0;0;3;32;2;21;0;0;4;1;9;0;0;74
1363;Emergencia Metro de Santiago 10-19;2020;febrero;62;0;0;0;0;0;0;0;0;0;0;0;0;0;0;0;0;0
1364;Estructural 10-0;2020;marzo;63;6;30;33;19;30;90;334;90;57;47;111;112;53;110;23;19;1164
1365;Vehículos 10-1;2020;marzo;63;3;12;27;4;12;43;257;24;16;13;23;20;15;20;3;10;502
1366;Pastizales y/o Basura 10-2;2020;marzo;63;20;43;72;35;72;360;756;471;516;238;500;1119;133;207;11;10;4563
1367;Rescate de Emergencia 10-3;2020;marzo;63;9;15;32;7;22;80;600;86;49;39;90;53;31;73;1;3;1190
1368;Rescate Vehicular 10-4;2020;marzo;63;34;20;68;35;33;240;599;143;129;61;212;109;67;114;24;17;1905
1369;Haz-Mat 10-5;2020;marzo;63;6;5;17;2;5;32;59;67;40;9;46;66;84;50;2;2;492
1370;Gas 10-6;2020;marzo;63;14;22;19;19;25;64;244;34;23;18;58;28;13;50;4;8;643
1371;Eléctrico 10-7;2020;marzo;63;0;2;8;7;6;18;107;17;11;7;7;6;4;5;1;0;206
1372;No Clasificado 10-8;2020;marzo;63;11;0;5;2;6;80;67;57;47;14;123;45;19;25;8;13;522
1373;Otros Servicios 10-9;2020;marzo;63;7;39;50;27;38;182;198;249;89;108;83;378;60;419;7;24;1958
1374;Escombros 10-10;2020;marzo;63;0;1;1;4;1;26;21;10;29;4;7;17;1;13;2;0;137
1375;Servicio Aéreo 10-11;2020;marzo;63;0;0;0;0;0;0;1;0;0;0;0;0;0;0;0;1;2
1376;Apoyo a otros Cuerpos 10-12;2020;marzo;63;1;7;0;1;2;18;186;46;55;16;30;121;7;9;0;0;499
1377;Atentados Terroristas 10-13;2020;marzo;63;0;0;0;0;0;0;1;0;0;0;2;0;0;0;0;0;3
1378;Accidentes Aéreos 10-14;2020;marzo;63;0;0;0;0;0;0;1;0;0;0;0;0;0;0;0;0;1
1379;Simulacro 10-15;2020;marzo;63;0;0;2;0;0;1;2;5;1;0;2;1;7;1;0;0;22
1380;Túnel 10-16;2020;marzo;63;0;0;0;0;0;0;0;0;0;0;0;0;0;0;0;0;0
1381;Falsa Alarma 6-16;2020;marzo;63;2;0;0;1;2;13;20;17;9;8;2;19;3;7;0;3;106
1382;Inundación 10-17;2020;marzo;63;0;0;0;0;0;0;0;1;1;0;1;0;0;0;0;0;3
1383;Emergencia Marítima Portuaria 10-18;2020;marzo;63;0;0;1;0;0;0;0;0;0;0;0;0;0;0;0;0;1
1384;Incendio 10-30;2020;marzo;63;0;0;2;0;0;5;25;3;8;0;0;4;0;15;0;0;62
1385;Emergencia Metro de Santiago 10-19;2020;marzo;63;0;0;0;0;0;0;0;0;0;0;0;0;0;0;0;0;0
1386;Estructural 10-0;2020;abril;64;2;18;20;4;25;103;309;47;105;58;147;138;45;112;25;15;1173
1387;Vehículos 10-1;2020;abril;64;3;5;16;3;11;33;151;10;18;7;21;18;6;12;3;7;324
1388;Pastizales y/o Basura 10-2;2020;abril;64;13;28;71;31;65;384;609;394;543;321;388;847;47;79;8;4;3832
1389;Rescate de Emergencia 10-3;2020;abril;64;3;7;16;11;12;85;409;51;30;15;66;34;17;28;3;2;789
1390;Rescate Vehicular 10-4;2020;abril;64;12;14;40;31;24;181;359;89;108;48;193;73;52;96;13;9;1342
1391;Haz-Mat 10-5;2020;abril;64;42;2;28;1;18;240;56;60;65;4;16;51;96;46;0;20;745
1392;Gas 10-6;2020;abril;64;2;13;18;11;24;61;215;36;16;10;62;26;12;33;1;7;547
1393;Eléctrico 10-7;2020;abril;64;0;1;8;6;4;25;130;20;11;12;10;4;4;11;0;0;246
1394;No Clasificado 10-8;2020;abril;64;4;4;6;4;2;52;97;56;46;15;57;42;112;23;6;5;531
1395;Otros Servicios 10-9;2020;abril;64;2;25;69;25;32;167;186;170;76;83;76;354;118;494;2;51;1930
1396;Escombros 10-10;2020;abril;64;0;0;2;3;2;24;17;4;17;3;5;4;1;2;0;0;84
1397;Servicio Aéreo 10-11;2020;abril;64;0;0;0;0;0;1;0;0;0;0;0;0;0;0;0;0;1
1398;Apoyo a otros Cuerpos 10-12;2020;abril;64;0;2;0;0;2;23;151;23;33;14;19;31;2;4;0;0;304
1399;Atentados Terroristas 10-13;2020;abril;64;0;0;0;0;0;0;0;2;0;0;0;1;0;0;0;0;3
1400;Accidentes Aéreos 10-14;2020;abril;64;0;0;0;0;0;0;0;0;0;0;0;0;0;0;0;0;0
1401;Simulacro 10-15;2020;abril;64;0;0;0;0;0;0;0;0;0;0;0;0;1;1;0;0;2
1402;Túnel 10-16;2020;abril;64;0;0;0;0;0;0;0;0;0;0;2;0;0;0;0;0;2
1403;Falsa Alarma 6-16;2020;abril;64;0;1;0;1;0;9;24;13;8;8;6;11;1;3;1;0;86
1404;Inundación 10-17;2020;abril;64;0;0;0;0;0;0;0;0;0;3;11;4;0;0;0;0;18
1405;Emergencia Marítima Portuaria 10-18;2020;abril;64;0;0;5;0;0;0;0;0;0;0;0;0;0;0;0;0;5
1406;Incendio 10-30;2020;abril;64;0;1;1;0;0;3;17;0;0;0;0;3;0;4;0;0;29
1407;Emergencia Metro de Santiago 10-19;2020;abril;64;0;0;0;0;0;0;0;0;0;0;0;0;0;0;0;0;0
1408;Estructural 10-0;2020;mayo;65;2;28;38;17;36;136;330;107;108;58;162;159;55;149;32;20;1437
1409;Vehículos 10-1;2020;mayo;65;4;7;9;10;11;33;188;11;21;7;26;24;4;16;1;5;377
1410;Pastizales y/o Basura 10-2;2020;mayo;65;15;16;75;24;91;362;661;424;268;155;107;56;12;52;4;1;2323
1411;Rescate de Emergencia 10-3;2020;mayo;65;3;12;17;6;13;80;415;62;44;17;75;42;21;60;3;5;875
1412;Rescate Vehicular 10-4;2020;mayo;65;20;23;59;33;50;176;369;123;99;63;187;82;47;91;20;10;1452
1413;Haz-Mat 10-5;2020;mayo;65;32;2;43;2;10;401;66;52;56;8;17;51;50;38;0;4;832
1414;Gas 10-6;2020;mayo;65;1;17;29;15;16;69;249;37;30;15;60;23;16;45;3;11;636
1415;Eléctrico 10-7;2020;mayo;65;1;3;11;3;3;22;193;31;9;5;14;5;9;16;0;2;327
1416;No Clasificado 10-8;2020;mayo;65;1;3;22;4;11;64;73;34;26;7;87;31;52;33;10;2;460
1417;Otros Servicios 10-9;2020;mayo;65;4;28;56;9;62;164;201;150;75;80;62;348;78;484;13;48;1862
1418;Escombros 10-10;2020;mayo;65;0;2;4;0;2;34;16;6;13;2;0;4;0;4;1;0;88
1419;Servicio Aéreo 10-11;2020;mayo;65;0;0;0;0;0;0;0;0;0;0;0;0;0;0;0;0;0
1420;Apoyo a otros Cuerpos 10-12;2020;mayo;65;0;1;0;1;10;24;112;28;29;11;7;15;4;2;1;0;245
1421;Atentados Terroristas 10-13;2020;mayo;65;0;0;0;0;0;0;1;0;0;0;0;0;0;1;0;0;2
1422;Accidentes Aéreos 10-14;2020;mayo;65;0;0;0;0;0;0;0;0;0;0;0;0;0;0;0;0;0
1423;Simulacro 10-15;2020;mayo;65;0;0;0;0;0;1;0;1;2;1;1;1;1;1;0;0;9
1424;Túnel 10-16;2020;mayo;65;0;0;0;0;0;0;0;0;0;0;0;0;0;0;0;0;0
1425;Falsa Alarma 6-16;2020;mayo;65;0;1;0;2;1;10;22;4;7;2;5;8;0;4;2;4;72
1426;Inundación 10-17;2020;mayo;65;0;0;0;0;0;0;0;0;0;0;3;0;0;0;0;0;3
1427;Emergencia Marítima Portuaria 10-18;2020;mayo;65;0;0;0;0;0;0;0;0;0;0;0;0;0;0;0;0;0
1428;Incendio 10-30;2020;mayo;65;0;0;2;0;0;14;22;1;5;0;0;1;1;17;0;0;63
1429;Emergencia Metro de Santiago 10-19;2020;mayo;65;0;0;0;0;0;0;1;0;0;0;0;0;0;0;0;0;1
1430;Estructural 10-0;2020;Junio;66;4;35;34;9;41;157;353;123;126;88;209;211;89;242;40;28;1789
1431;Vehículos 10-1;2020;Junio;66;0;2;8;2;13;27;132;13;15;5;20;23;2;13;6;3;284
1432;Pastizales y/o Basura 10-2;2020;Junio;66;15;7;38;22;62;145;323;193;67;22;25;18;5;63;7;3;1015
1433;Rescate de Emergencia 10-3;2020;Junio;66;8;10;13;8;16;87;311;56;37;37;66;48;7;52;0;2;758
1434;Rescate Vehicular 10-4;2020;Junio;66;29;10;38;31;41;143;298;117;141;63;198;90;46;117;22;8;1392
1435;Haz-Mat 10-5;2020;Junio;66;19;0;73;2;0;270;67;62;42;3;19;47;48;32;0;6;690
1436;Gas 10-6;2020;Junio;66;3;5;32;9;24;76;255;42;40;25;87;36;17;40;7;21;719
1437;Eléctrico 10-7;2020;Junio;66;6;3;7;7;15;43;373;52;19;13;24;14;10;12;2;0;600
1438;No Clasificado 10-8;2020;Junio;66;5;3;5;5;18;204;102;117;135;34;131;42;17;37;5;10;870
1439;Otros Servicios 10-9;2020;Junio;66;2;16;79;26;72;199;347;619;239;120;131;389;82;471;11;16;2819
1440;Escombros 10-10;2020;Junio;66;1;0;1;0;2;20;9;4;9;3;4;6;1;7;0;2;69
1441;Servicio Aéreo 10-11;2020;Junio;66;0;0;0;0;0;0;0;0;0;0;0;0;0;0;0;0;0
1442;Apoyo a otros Cuerpos 10-12;2020;Junio;66;0;0;0;0;0;8;89;22;25;1;7;15;8;4;0;0;179
1443;Atentados Terroristas 10-13;2020;Junio;66;0;0;0;0;0;0;1;0;0;0;0;0;0;4;0;0;5
1444;Accidentes Aéreos 10-14;2020;Junio;66;0;0;0;0;0;0;0;0;0;0;0;0;0;0;0;0;0
1445;Simulacro 10-15;2020;Junio;66;0;0;0;0;0;0;0;0;0;0;0;2;0;0;0;0;2
1446;Túnel 10-16;2020;Junio;66;0;0;0;0;0;0;0;0;0;0;23;0;0;0;0;0;23
1447;Falsa Alarma 6-16;2020;Junio;66;0;0;0;3;0;4;16;6;10;2;2;2;0;7;1;2;55
1448;Inundación 10-17;2020;Junio;66;0;0;0;0;0;1;3;11;27;10;112;1;0;2;0;0;167
1449;Emergencia Marítima Portuaria 10-18;2020;Junio;66;0;0;0;0;0;0;0;0;0;0;0;0;0;0;0;0;0
1450;Incendio 10-30;2020;Junio;66;1;2;0;0;0;0;22;1;4;0;0;3;0;10;0;0;43
1451;Emergencia Metro de Santiago 10-19;2020;Junio;66;0;0;0;0;0;0;1;0;0;0;0;0;0;0;0;0;1
1452;Estructural 10-0;2020;Julio;67;2;28;18;22;37;111;319;92;128;93;225;240;101;265;41;44;1766
1453;Vehículos 10-1;2020;Julio;67;3;14;9;9;14;34;143;18;16;8;32;24;11;14;3;5;357
1454;Pastizales y/o Basura 10-2;2020;Julio;67;12;15;30;34;47;122;199;62;13;9;18;18;6;48;7;3;643
1455;Rescate de Emergencia 10-3;2020;Julio;67;10;8;14;5;21;84;299;56;39;23;67;54;38;50;6;5;779
1456;Rescate Vehicular 10-4;2020;Julio;67;16;18;30;36;51;128;302;68;133;64;222;90;65;102;13;11;1349
1457;Haz-Mat 10-5;2020;Julio;67;32;1;42;0;5;157;46;58;53;10;21;30;38;52;4;4;553
1458;Gas 10-6;2020;Julio;67;5;14;22;14;25;76;308;49;38;27;86;50;20;46;16;22;818
1459;Eléctrico 10-7;2020;Julio;67;1;0;6;8;5;20;211;26;10;7;17;11;10;11;0;2;345
1460;No Clasificado 10-8;2020;Julio;67;4;4;6;15;2;170;82;86;42;21;137;32;27;21;3;11;663
1461;Otros Servicios 10-9;2020;Julio;67;5;47;45;37;31;178;297;371;103;126;59;499;116;390;10;27;2341
1462;Escombros 10-10;2020;Julio;67;0;0;3;3;2;23;10;2;3;1;2;4;4;2;1;0;60
1463;Servicio Aéreo 10-11;2020;Julio;67;0;0;0;0;1;0;0;0;0;0;0;0;0;0;0;0;1
1464;Apoyo a otros Cuerpos 10-12;2020;Julio;67;0;1;0;1;1;4;101;25;20;3;8;10;1;4;4;0;183
1465;Atentados Terroristas 10-13;2020;Julio;67;0;0;0;0;0;0;0;0;1;0;1;0;0;1;0;0;3
1466;Accidentes Aéreos 10-14;2020;Julio;67;0;0;0;0;0;0;2;0;1;0;0;0;0;0;0;0;3
1467;Simulacro 10-15;2020;Julio;67;0;0;1;0;0;0;0;0;0;0;0;0;0;0;0;0;1
1468;Túnel 10-16;2020;Julio;67;0;0;0;0;0;1;0;0;0;0;3;0;0;0;0;0;4
1469;Falsa Alarma 6-16;2020;Julio;67;0;0;0;0;0;8;13;4;4;4;2;7;3;1;1;4;51
1470;Inundación 10-17;2020;Julio;67;0;0;0;0;0;1;1;13;12;9;25;19;2;1;0;0;83
1471;Emergencia Marítima Portuaria 10-18;2020;Julio;67;0;0;0;0;0;0;0;0;0;0;0;0;0;0;0;0;0
1472;Incendio 10-30;2020;Julio;67;0;0;1;0;0;2;33;2;3;0;0;1;1;15;0;0;58
1473;Emergencia Metro de Santiago 10-19;2020;Julio;67;0;0;0;0;0;0;1;0;0;0;0;0;0;0;0;0;1
1474;Estructural 10-0;2020;Agosto;68;9;15;39;13;33;123;334;114;169;116;244;218;100;208;43;27;1805
1475;Vehículos 10-1;2020;Agosto;68;3;2;11;2;10;23;159;21;26;5;30;23;3;7;0;5;330
1476;Pastizales y/o Basura 10-2;2020;Agosto;68;9;14;32;16;52;194;371;196;67;25;39;39;4;44;8;6;1116
1477;Rescate de Emergencia 10-3;2020;Agosto;68;11;13;8;6;13;98;435;63;35;16;91;50;12;45;1;0;897
1478;Rescate Vehicular 10-4;2020;Agosto;68;32;25;32;17;32;152;433;131;138;70;194;140;74;107;21;7;1605
1479;Haz-Mat 10-5;2020;Agosto;68;33;0;28;0;7;79;51;56;73;9;28;29;14;48;3;2;460
1480;Gas 10-6;2020;Agosto;68;4;9;19;14;15;52;263;53;40;21;72;38;5;37;2;15;659
1481;Eléctrico 10-7;2020;Agosto;68;1;3;7;8;9;19;139;25;15;3;17;12;4;9;4;3;278
1482;No Clasificado 10-8;2020;Agosto;68;3;3;7;9;8;62;66;41;45;19;109;40;27;29;2;8;478
1483;Otros Servicios 10-9;2020;Agosto;68;7;27;72;34;26;118;183;182;73;152;59;318;59;460;8;21;1799
1484;Escombros 10-10;2020;Agosto;68;1;3;0;0;2;10;3;4;3;1;7;12;1;0;0;0;47
1485;Servicio Aéreo 10-11;2020;Agosto;68;0;0;0;0;0;0;0;0;0;0;0;0;0;0;0;0;0
1486;Apoyo a otros Cuerpos 10-12;2020;Agosto;68;0;1;0;1;0;14;121;24;10;4;8;28;8;3;2;0;224
1487;Atentados Terroristas 10-13;2020;Agosto;68;0;0;0;0;0;0;1;0;1;0;1;0;0;1;0;0;4
1488;Accidentes Aéreos 10-14;2020;Agosto;68;0;0;0;0;0;0;0;0;0;0;0;0;0;0;0;0;0
1489;Simulacro 10-15;2020;Agosto;68;0;0;0;0;0;1;0;0;1;0;0;1;0;0;0;0;3
1490;Túnel 10-16;2020;Agosto;68;0;0;0;0;0;1;0;0;0;1;1;0;0;0;0;0;3
1491;Falsa Alarma 6-16;2020;Agosto;68;1;0;0;0;1;2;18;9;3;2;2;6;1;1;1;0;47
1492;Inundación 10-17;2020;Agosto;68;0;0;0;0;0;0;0;1;0;0;3;0;0;0;0;0;4
1493;Emergencia Marítima Portuaria 10-18;2020;Agosto;68;0;0;2;0;0;0;0;0;0;0;0;0;0;0;0;0;2
1494;Incendio 10-30;2020;Agosto;68;0;1;2;0;0;3;22;1;0;0;2;0;0;9;0;0;40
1495;Emergencia Metro de Santiago 10-19;2020;Agosto;68;0;0;0;0;0;0;0;0;0;0;0;0;0;0;0;0;0
1496;Estructural 10-0;2020;septiembre;69;7;16;29;19;19;95;346;96;105;80;197;176;84;194;21;17;1501
1497;Vehículos 10-1;2020;septiembre;69;7;7;5;5;10;37;189;12;18;6;36;20;10;10;2;3;377
1498;Pastizales y/o Basura 10-2;2020;septiembre;69;13;31;43;19;63;205;479;284;159;99;139;118;14;86;5;7;1764
1499;Rescate de Emergencia 10-3;2020;septiembre;69;7;12;13;7;17;102;510;72;45;28;79;56;15;53;3;1;1020
1500;Rescate Vehicular 10-4;2020;septiembre;69;18;17;42;30;18;191;499;111;127;64;171;92;49;94;19;4;1546
1501;Haz-Mat 10-5;2020;septiembre;69;17;4;34;4;6;85;41;56;46;4;20;36;11;32;2;16;414
1502;Gas 10-6;2020;septiembre;69;7;9;24;10;14;62;248;48;28;20;77;57;7;42;1;10;664
1503;Eléctrico 10-7;2020;septiembre;69;1;5;9;2;2;11;120;22;6;9;11;10;0;8;2;1;219
1504;No Clasificado 10-8;2020;septiembre;69;4;4;6;7;4;52;61;40;49;15;84;30;11;26;1;15;409
1505;Otros Servicios 10-9;2020;septiembre;69;2;26;35;27;19;142;237;154;46;142;56;264;54;476;8;28;1716
1506;Escombros 10-10;2020;septiembre;69;0;3;1;0;5;16;12;3;5;3;3;6;2;4;0;1;64
1507;Servicio Aéreo 10-11;2020;septiembre;69;0;0;0;0;0;0;0;0;0;0;0;0;0;0;0;0;0
1508;Apoyo a otros Cuerpos 10-12;2020;septiembre;69;0;4;0;0;2;13;122;24;17;5;10;21;7;3;0;0;228
1509;Atentados Terroristas 10-13;2020;septiembre;69;0;0;0;0;0;1;2;0;0;0;2;0;0;0;0;0;5
1510;Accidentes Aéreos 10-14;2020;septiembre;69;0;0;0;0;0;0;0;0;0;0;0;0;0;0;0;0;0
1511;Simulacro 10-15;2020;septiembre;69;1;0;0;0;0;1;0;0;0;0;0;0;0;1;0;0;3
1512;Túnel 10-16;2020;septiembre;69;0;0;0;0;0;0;1;0;0;0;2;0;0;0;0;0;3
1513;Falsa Alarma 6-16;2020;septiembre;69;0;0;1;0;3;5;31;7;6;1;5;4;3;3;2;0;71
1514;Inundación 10-17;2020;septiembre;69;0;0;0;0;0;0;2;2;1;0;6;0;0;0;0;0;11
1515;Emergencia Marítima Portuaria 10-18;2020;septiembre;69;0;0;0;0;0;0;0;0;0;0;0;0;0;0;0;0;0
1516;Incendio 10-30;2020;septiembre;69;1;1;5;0;0;4;27;0;2;0;0;0;0;10;0;0;50
1517;Emergencia Metro de Santiago 10-19;2020;septiembre;69;0;0;0;0;0;0;0;0;0;0;0;0;0;0;0;0;0
1518;Estructural 10-0;2020;octubre;70;4;19;36;21;27;125;310;90;76;52;177;146;48;178;17;23;1349
1519;Vehículos 10-1;2020;octubre;70;7;4;8;4;8;36;245;9;18;16;33;31;6;15;4;9;453
1520;Pastizales y/o Basura 10-2;2020;octubre;70;13;30;44;41;64;272;679;289;271;118;277;234;27;124;4;11;2498
1521;Rescate de Emergencia 10-3;2020;octubre;70;6;11;17;9;19;104;561;104;49;30;109;43;25;57;3;0;1147
1522;Rescate Vehicular 10-4;2020;octubre;70;29;37;62;36;34;249;651;169;181;86;221;100;40;96;18;7;2016
1523;Haz-Mat 10-5;2020;octubre;70;5;1;28;0;7;45;47;43;22;3;23;28;11;32;1;17;313
1524;Gas 10-6;2020;octubre;70;8;8;22;13;17;56;188;36;31;14;63;33;12;30;3;6;540
1525;Eléctrico 10-7;2020;octubre;70;1;1;21;3;2;18;118;15;15;7;12;9;3;7;0;1;233
1526;No Clasificado 10-8;2020;octubre;70;1;11;5;11;9;49;131;29;43;16;90;57;18;25;5;2;502
1527;Otros Servicios 10-9;2020;octubre;70;5;28;53;37;12;185;254;205;55;154;73;279;52;418;4;15;1829
1528;Escombros 10-10;2020;octubre;70;0;0;1;1;3;8;23;4;8;1;6;7;0;2;0;0;64
1529;Servicio Aéreo 10-11;2020;octubre;70;0;0;0;0;0;0;0;0;0;0;0;0;0;0;0;0;0
1530;Apoyo a otros Cuerpos 10-12;2020;octubre;70;0;4;1;6;2;17;168;33;9;6;28;30;5;2;0;0;311
1531;Atentados Terroristas 10-13;2020;octubre;70;0;0;0;0;0;0;0;0;1;0;3;2;0;0;0;0;6
1532;Accidentes Aéreos 10-14;2020;octubre;70;0;0;0;0;0;0;0;2;0;0;0;0;0;0;0;0;2
1533;Simulacro 10-15;2020;octubre;70;0;0;2;0;0;1;0;3;1;4;0;0;0;1;1;0;13
1534;Túnel 10-16;2020;octubre;70;0;0;0;0;0;0;1;0;0;0;0;0;0;0;0;0;1
1535;Falsa Alarma 6-16;2020;octubre;70;1;0;0;0;2;1;27;10;7;2;6;6;3;7;0;1;73
1536;Inundación 10-17;2020;octubre;70;0;0;0;0;0;0;1;3;0;0;0;0;0;1;0;0;5
1537;Emergencia Marítima Portuaria 10-18;2020;octubre;70;0;0;4;0;0;0;0;0;0;0;0;0;0;0;0;0;4
1538;Incendio 10-30;2020;octubre;70;1;0;2;0;0;1;25;0;3;0;0;0;0;10;0;0;42
1539;Emergencia Metro de Santiago 10-19;2020;octubre;70;0;0;0;0;0;0;1;0;0;0;0;0;0;0;0;0;1
1540;Estructural 10-0;2020;Noviembre;71;7;24;32;13;34;89;347;73;85;52;131;105;42;116;16;18;1184
1541;Vehículos 10-1;2020;Noviembre;71;4;6;10;6;10;35;237;17;19;14;41;24;2;13;0;9;447
1542;Pastizales y/o Basura 10-2;2020;Noviembre;71;15;20;39;19;78;260;655;352;263;122;338;267;31;106;6;15;2586
1543;Rescate de Emergencia 10-3;2020;Noviembre;71;2;18;23;11;26;109;649;93;69;49;93;56;16;64;1;8;1287
1544;Rescate Vehicular 10-4;2020;Noviembre;71;39;17;70;48;60;240;681;192;139;93;208;91;36;98;18;10;2040
1545;Haz-Mat 10-5;2020;Noviembre;71;3;2;20;0;3;41;50;39;23;10;25;24;10;41;0;9;300
1546;Gas 10-6;2020;Noviembre;71;4;12;10;1;9;58;205;45;24;16;58;28;11;33;3;7;524
1547;Eléctrico 10-7;2020;Noviembre;71;0;1;7;5;6;18;110;24;5;11;9;6;2;11;0;2;217
1548;No Clasificado 10-8;2020;Noviembre;71;4;7;3;7;9;61;61;32;47;22;70;32;14;25;2;7;403
1549;Otros Servicios 10-9;2020;Noviembre;71;7;28;50;37;16;203;251;179;63;215;58;228;41;374;10;12;1772
1550;Escombros 10-10;2020;Noviembre;71;0;0;4;3;0;23;16;4;5;3;5;13;0;4;0;0;80
1551;Servicio Aéreo 10-11;2020;Noviembre;71;0;0;0;0;0;0;0;0;0;0;0;0;0;0;0;0;0
1552;Apoyo a otros Cuerpos 10-12;2020;Noviembre;71;0;1;2;4;1;23;186;32;19;3;15;17;3;5;0;0;311
1553;Atentados Terroristas 10-13;2020;Noviembre;71;0;0;0;0;0;0;0;1;0;0;1;0;0;1;0;0;3
1554;Accidentes Aéreos 10-14;2020;Noviembre;71;0;0;1;0;0;0;0;0;0;0;0;0;0;0;0;0;1
1555;Simulacro 10-15;2020;Noviembre;71;0;0;1;0;0;1;2;3;4;0;1;2;0;5;2;0;21
1556;Túnel 10-16;2020;Noviembre;71;0;0;0;0;0;0;0;0;0;0;0;0;0;0;0;0;0
1557;Falsa Alarma 6-16;2020;Noviembre;71;1;0;0;0;7;9;29;14;7;2;5;10;1;2;0;1;88
1558;Inundación 10-17;2020;Noviembre;71;0;0;0;0;0;0;2;1;0;0;2;0;0;0;0;0;5
1559;Emergencia Marítima Portuaria 10-18;2020;Noviembre;71;0;0;4;0;0;0;0;0;0;0;0;0;0;0;0;0;4
1560;Incendio 10-30;2020;Noviembre;71;0;0;4;0;0;2;28;1;10;0;0;1;1;10;0;0;57
1561;Emergencia Metro de Santiago 10-19;2020;Noviembre;71;0;0;0;0;0;0;2;0;0;0;0;0;0;0;0;0;2
1562;Estructural 10-0;2020;diciembre;72;9;31;27;8;41;107;373;68;79;50;93;72;51;96;17;23;1145
1563;Vehículos 10-1;2020;diciembre;72;5;11;5;4;12;39;254;25;28;12;19;25;9;19;3;4;474
1564;Pastizales y/o Basura 10-2;2020;diciembre;72;17;15;46;12;40;332;786;430;393;173;372;271;45;101;6;2;3041
1565;Rescate de Emergencia 10-3;2020;diciembre;72;11;13;19;8;27;115;654;107;50;34;98;54;14;58;7;3;1272
1566;Rescate Vehicular 10-4;2020;diciembre;72;40;28;69;45;54;283;708;222;181;98;251;151;68;130;22;18;2368
1567;Haz-Mat 10-5;2020;diciembre;72;1;2;9;1;3;30;47;33;20;3;22;25;21;33;2;9;261
1568;Gas 10-6;2020;diciembre;72;1;7;22;3;9;42;194;41;18;12;52;24;25;40;2;8;500
1569;Eléctrico 10-7;2020;diciembre;72;4;4;9;5;2;31;136;24;8;9;8;11;2;13;1;3;270
1570;No Clasificado 10-8;2020;diciembre;72;7;7;9;13;1;65;76;30;33;23;87;39;12;17;3;8;430
1571;Otros Servicios 10-9;2020;diciembre;72;5;30;66;45;29;196;332;265;72;212;50;319;84;408;10;30;2153
1572;Escombros 10-10;2020;diciembre;72;1;2;1;2;1;17;31;5;8;7;5;5;6;4;1;1;97
1573;Servicio Aéreo 10-11;2020;diciembre;72;0;0;0;0;0;0;0;0;0;0;0;0;0;0;0;0;0
1574;Apoyo a otros Cuerpos 10-12;2020;diciembre;72;0;0;0;4;2;36;240;68;27;7;17;23;3;8;1;0;436
1575;Atentados Terroristas 10-13;2020;diciembre;72;0;0;0;0;0;0;0;0;0;0;2;1;0;0;0;0;3
1576;Accidentes Aéreos 10-14;2020;diciembre;72;0;0;0;0;0;0;1;0;1;0;0;0;0;0;0;0;2
1577;Simulacro 10-15;2020;diciembre;72;0;0;1;0;0;2;3;2;4;1;1;0;0;4;0;0;18
1578;Túnel 10-16;2020;diciembre;72;0;0;0;0;0;0;0;0;0;0;0;0;0;1;0;0;1
1579;Falsa Alarma 6-16;2020;diciembre;72;2;1;1;1;4;15;33;4;6;3;5;4;4;1;0;3;87
1580;Inundación 10-17;2020;diciembre;72;0;0;0;0;0;1;3;3;1;0;1;2;0;0;0;0;11
1581;Emergencia Marítima Portuaria 10-18;2020;diciembre;72;0;0;4;0;0;0;0;0;0;0;0;0;0;0;0;0;4
1582;Incendio 10-30;2020;diciembre;72;3;2;8;0;0;4;40;1;1;0;0;1;0;7;0;0;67
1583;Emergencia Metro de Santiago 10-19;2020;diciembre;72;0;0;0;0;0;0;1;0;0;0;0;0;0;0;0;0;1
1584;Estructural 10-0;2021;enero;73;5;30;38;12;34;124;328;79;88;55;118;78;41;79;14;29;1152
1585;Vehículos 10-1;2021;enero;73;8;5;13;9;19;30;209;23;28;11;34;33;7;18;0;5;452
1586;Pastizales y/o Basura 10-2;2021;enero;73;25;32;54;18;112;307;654;377;526;226;737;556;62;131;2;4;3823
1587;Rescate de Emergencia 10-3;2021;enero;73;5;20;33;11;28;116;608;89;65;42;122;98;38;64;3;4;1346
1588;Rescate Vehicular 10-4;2021;enero;73;31;19;64;63;60;282;672;247;220;111;271;154;71;122;23;10;2420
1589;Haz-Mat 10-5;2021;enero;73;4;4;26;0;2;36;48;50;24;7;23;37;33;34;1;7;336
1590;Gas 10-6;2021;enero;73;2;11;23;3;19;46;166;40;6;8;62;24;10;41;2;10;473
1591;Eléctrico 10-7;2021;enero;73;2;2;9;5;8;45;429;92;15;18;10;16;3;9;1;2;666
1592;No Clasificado 10-8;2021;enero;73;7;5;17;9;6;95;114;79;67;27;100;37;17;13;3;4;600
1593;Otros Servicios 10-9;2021;enero;73;7;30;54;26;34;196;305;435;112;211;90;342;86;381;2;19;2330
1594;Escombros 10-10;2021;enero;73;0;0;0;0;2;31;26;10;12;5;14;7;2;4;0;2;115
1595;Servicio Aéreo 10-11;2021;enero;73;0;0;0;0;0;0;1;0;0;0;0;0;0;0;0;0;1
1596;Apoyo a otros Cuerpos 10-12;2021;enero;73;0;4;0;0;9;75;212;95;56;12;28;96;10;7;1;0;605
1597;Atentados Terroristas 10-13;2021;enero;73;0;0;0;0;0;0;2;2;1;0;1;0;0;0;0;0;6
1598;Accidentes Aéreos 10-14;2021;enero;73;0;0;1;0;0;0;1;1;0;0;0;0;0;0;0;0;3
1599;Simulacro 10-15;2021;enero;73;0;0;1;0;0;0;1;2;1;0;0;0;0;1;0;0;6
1600;Túnel 10-16;2021;enero;73;0;0;0;0;0;0;0;0;0;0;0;0;0;0;0;0;0
1601;Falsa Alarma 6-16;2021;enero;73;2;0;0;0;3;19;42;10;10;4;11;14;2;7;1;0;125
1602;Inundación 10-17;2021;enero;73;0;0;0;0;0;1;23;7;10;0;7;7;0;0;0;0;55
1603;Emergencia Marítima Portuaria 10-18;2021;enero;73;0;0;3;0;0;0;0;0;0;0;0;0;0;0;0;0;3
1604;Incendio 10-30;2021;enero;73;2;3;6;0;0;6;36;5;5;0;0;5;0;11;0;0;79
1605;Emergencia Metro de Santiago 10-19;2021;enero;73;0;0;0;0;0;0;2;0;0;0;0;0;0;0;0;0;2
1606;Estructural 10-0;2021;febrero;74;5;20;33;21;23;88;240;59;68;36;112;89;54;111;6;28;993
1607;Vehículos 10-1;2021;febrero;74;5;8;7;1;11;30;185;18;20;15;31;31;10;19;2;2;395
1608;Pastizales y/o Basura 10-2;2021;febrero;74;17;26;43;11;71;209;465;196;180;105;370;389;128;310;13;16;2549
1609;Rescate de Emergencia 10-3;2021;febrero;74;9;9;25;10;23;103;532;81;59;39;100;89;23;67;3;3;1175
1610;Rescate Vehicular 10-4;2021;febrero;74;18;28;56;45;54;283;575;171;157;100;213;157;69;120;14;9;2069
1611;Haz-Mat 10-5;2021;febrero;74;3;2;38;1;5;27;49;37;24;12;22;36;20;26;0;6;308
1612;Gas 10-6;2021;febrero;74;0;9;21;8;11;37;179;31;20;7;63;26;13;36;2;10;473
1613;Eléctrico 10-7;2021;febrero;74;3;1;8;2;7;21;122;41;12;12;10;15;8;13;2;1;278
1614;No Clasificado 10-8;2021;febrero;74;2;4;13;10;13;46;65;45;42;22;143;28;24;29;6;7;499
1615;Otros Servicios 10-9;2021;febrero;74;2;21;48;39;53;155;211;242;56;163;110;307;100;353;23;16;1899
1616;Escombros 10-10;2021;febrero;74;0;2;2;0;0;16;9;0;1;0;11;6;1;3;0;0;51
1617;Servicio Aéreo 10-11;2021;febrero;74;0;0;0;0;0;0;0;0;0;0;0;0;2;0;0;0;2
1618;Apoyo a otros Cuerpos 10-12;2021;febrero;74;0;1;0;0;5;14;165;23;15;6;48;43;17;27;0;0;364
1619;Atentados Terroristas 10-13;2021;febrero;74;0;0;0;0;0;0;0;0;0;0;0;2;1;0;0;0;3
1620;Accidentes Aéreos 10-14;2021;febrero;74;0;0;0;0;0;0;1;0;0;0;0;1;0;0;0;0;2
1621;Simulacro 10-15;2021;febrero;74;0;0;0;0;0;2;1;2;0;0;0;0;0;1;0;0;6
1622;Túnel 10-16;2021;febrero;74;0;0;0;0;0;0;0;0;0;0;1;0;0;0;0;0;1
1623;Falsa Alarma 6-16;2021;febrero;74;1;0;1;2;4;10;18;5;6;6;8;5;4;8;3;0;81
1624;Inundación 10-17;2021;febrero;74;0;0;0;0;0;0;2;0;0;0;3;0;0;0;0;0;5
1625;Emergencia Marítima Portuaria 10-18;2021;febrero;74;0;0;2;0;0;0;0;0;0;0;0;0;0;0;0;0;2
1626;Incendio 10-30;2021;febrero;74;1;0;1;0;0;1;24;0;2;0;0;1;0;11;0;0;41
1627;Emergencia Metro de Santiago 10-19;2021;febrero;74;0;0;0;0;0;0;2;0;0;0;0;0;0;0;0;0;2
1628;Estructural 10-0;2021;marzo;75;7;28;20;18;17;87;261;63;63;50;109;89;33;95;22;35;997
1629;Vehículos 10-1;2021;marzo;75;5;17;8;7;13;35;215;27;20;11;31;24;17;23;0;13;466
1630;Pastizales y/o Basura 10-2;2021;marzo;75;22;23;49;20;67;235;472;301;276;177;350;641;126;274;11;27;3071
1631;Rescate de Emergencia 10-3;2021;marzo;75;14;15;22;13;27;81;594;94;58;36;118;78;27;76;3;9;1265
1632;Rescate Vehicular 10-4;2021;marzo;75;32;14;72;55;64;222;584;168;164;63;239;129;64;150;27;19;2066
1633;Haz-Mat 10-5;2021;marzo;75;2;3;30;4;9;40;55;48;30;5;23;35;18;53;3;5;363
1634;Gas 10-6;2021;marzo;75;1;11;15;4;12;42;238;33;21;16;61;41;12;32;7;16;562
1635;Eléctrico 10-7;2021;marzo;75;1;7;14;1;4;9;114;29;7;6;14;12;3;9;1;14;245
1636;No Clasificado 10-8;2021;marzo;75;3;4;9;13;8;52;82;43;29;25;134;38;28;30;7;4;509
1637;Otros Servicios 10-9;2021;marzo;75;4;22;40;54;72;152;285;261;54;136;201;290;79;338;18;36;2042
1638;Escombros 10-10;2021;marzo;75;5;2;0;0;2;21;14;2;10;5;7;12;1;6;1;2;90
1639;Servicio Aéreo 10-11;2021;marzo;75;0;0;0;0;0;0;1;0;0;0;0;0;4;1;0;0;6
1640;Apoyo a otros Cuerpos 10-12;2021;marzo;75;0;2;1;0;3;32;196;20;15;14;32;40;9;19;0;1;384
1641;Atentados Terroristas 10-13;2021;marzo;75;0;0;0;0;0;0;1;1;0;0;1;3;0;0;0;0;6
1642;Accidentes Aéreos 10-14;2021;marzo;75;0;0;0;0;0;0;0;1;2;0;0;1;0;0;0;0;4
1643;Simulacro 10-15;2021;marzo;75;0;0;0;0;0;1;0;7;0;3;0;3;0;2;2;0;18
1644;Túnel 10-16;2021;marzo;75;0;0;0;0;0;0;0;0;0;0;1;0;0;0;0;0;1
1645;Falsa Alarma 6-16;2021;marzo;75;1;4;0;0;5;11;27;6;3;3;10;4;3;4;1;3;85
1646;Inundación 10-17;2021;marzo;75;0;0;0;0;0;3;1;2;0;0;2;0;0;0;0;0;8
1647;Emergencia Marítima Portuaria 10-18;2021;marzo;75;0;1;1;0;0;0;1;0;0;0;1;0;0;1;0;0;5
1648;Incendio 10-30;2021;marzo;75;5;2;5;0;0;5;28;0;3;0;2;1;0;11;0;0;62
1649;Emergencia Metro de Santiago 10-19;2021;marzo;75;0;0;0;0;0;0;2;0;0;0;0;0;0;0;0;0;2
1650;Estructural 10-0;2021;abril;76;7;12;36;13;23;96;268;65;86;58;140;135;50;152;14;18;1173
1651;Vehículos 10-1;2021;abril;76;4;9;4;6;13;32;185;16;19;7;32;13;6;17;1;10;374
1652;Pastizales y/o Basura 10-2;2021;abril;76;14;25;32;28;43;219;500;323;297;250;289;326;54;126;4;11;2541
1653;Rescate de Emergencia 10-3;2021;abril;76;4;12;16;11;40;66;524;109;45;32;111;75;22;55;3;4;1129
1654;Rescate Vehicular 10-4;2021;abril;76;33;18;51;57;65;202;477;137;128;80;240;105;59;140;23;20;1835
1655;Haz-Mat 10-5;2021;abril;76;1;4;25;2;12;33;54;75;21;9;25;34;16;50;7;3;371
1656;Gas 10-6;2021;abril;76;6;15;17;12;11;49;223;46;20;19;66;28;27;36;6;20;601
1657;Eléctrico 10-7;2021;abril;76;1;3;14;8;3;26;126;27;11;10;11;13;6;9;4;2;274
1658;No Clasificado 10-8;2021;abril;76;4;4;8;16;7;36;52;28;36;24;131;35;18;19;5;0;423
1659;Otros Servicios 10-9;2021;abril;76;1;18;38;36;58;122;265;314;59;163;172;286;94;291;7;30;1954
1660;Escombros 10-10;2021;abril;76;0;0;0;1;3;18;12;4;7;3;6;9;2;6;0;0;71
1661;Servicio Aéreo 10-11;2021;abril;76;0;0;0;0;0;0;0;0;0;0;0;0;0;0;0;0;0
1662;Apoyo a otros Cuerpos 10-12;2021;abril;76;0;0;0;8;3;24;172;28;9;6;12;42;5;5;0;0;314
1663;Atentados Terroristas 10-13;2021;abril;76;0;0;0;0;0;0;0;0;0;0;1;0;0;0;0;0;1
1664;Accidentes Aéreos 10-14;2021;abril;76;0;1;0;0;0;0;0;0;0;0;0;0;0;0;0;0;1
1665;Simulacro 10-15;2021;abril;76;0;0;2;0;0;0;1;6;1;0;0;0;0;11;0;0;21
1666;Túnel 10-16;2021;abril;76;0;0;0;0;0;0;0;0;0;0;0;0;0;0;0;0;0
1667;Falsa Alarma 6-16;2021;abril;76;0;0;0;0;2;8;24;7;3;5;6;5;8;2;4;5;79
1668;Inundación 10-17;2021;abril;76;0;0;0;0;1;0;4;0;0;0;3;2;0;0;0;0;10
1669;Emergencia Marítima Portuaria 10-18;2021;abril;76;0;0;1;0;0;0;0;0;0;0;0;0;0;0;0;0;1
1670;Incendio 10-30;2021;abril;76;0;1;3;0;0;5;21;2;1;0;0;2;0;8;0;0;43
1671;Emergencia Metro de Santiago 10-19;2021;abril;76;0;0;0;0;0;0;1;0;0;0;0;0;0;0;0;0;1
1672;Estructural 10-0;2021;mayo;77;4;23;37;8;28;129;335;122;128;69;196;145;108;200;23;27;1582
1673;Vehículos 10-1;2021;mayo;77;5;17;14;6;8;20;200;12;20;11;36;29;3;19;7;6;413
1674;Pastizales y/o Basura 10-2;2021;mayo;77;21;18;28;22;46;216;347;318;80;49;113;56;11;55;6;4;1390
1675;Rescate de Emergencia 10-3;2021;mayo;77;9;10;31;15;28;84;618;83;45;41;114;72;24;55;9;3;1241
1676;Rescate Vehicular 10-4;2021;mayo;77;28;34;69;50;71;265;562;192;174;87;308;153;85;137;29;17;2261
1677;Haz-Mat 10-5;2021;mayo;77;2;3;21;2;7;31;62;42;14;5;21;32;21;38;2;2;305
1678;Gas 10-6;2021;mayo;77;2;10;30;16;18;57;322;65;34;21;88;44;28;44;11;18;808
1679;Eléctrico 10-7;2021;mayo;77;2;3;13;8;6;21;250;24;13;9;22;15;3;6;1;4;400
1680;No Clasificado 10-8;2021;mayo;77;5;7;14;10;10;48;57;34;47;23;155;27;32;38;5;4;516
1681;Otros Servicios 10-9;2021;mayo;77;2;15;57;52;61;152;220;191;52;132;162;250;88;282;9;8;1733
1682;Escombros 10-10;2021;mayo;77;0;3;1;1;1;15;11;11;1;2;1;3;0;5;1;0;56
1683;Servicio Aéreo 10-11;2021;mayo;77;0;0;0;0;0;0;0;0;0;0;1;0;0;0;0;0;1
1684;Apoyo a otros Cuerpos 10-12;2021;mayo;77;0;1;2;1;3;29;213;36;3;3;8;13;21;6;2;0;341
1685;Atentados Terroristas 10-13;2021;mayo;77;0;0;0;0;0;1;0;0;0;0;0;1;0;0;0;0;2
1686;Accidentes Aéreos 10-14;2021;mayo;77;0;0;0;0;0;1;0;0;0;0;0;0;0;0;0;0;1
1687;Simulacro 10-15;2021;mayo;77;0;0;0;0;0;0;0;3;0;0;0;0;5;1;0;0;9
1688;Túnel 10-16;2021;mayo;77;0;0;0;0;0;0;1;0;0;0;5;0;0;0;0;0;6
1689;Falsa Alarma 6-16;2021;mayo;77;2;0;1;3;2;9;19;9;6;4;5;8;4;2;3;0;77
1690;Inundación 10-17;2021;mayo;77;0;0;0;0;0;0;0;0;2;0;11;10;1;3;0;0;27
1691;Emergencia Marítima Portuaria 10-18;2021;mayo;77;0;0;2;0;0;0;0;0;0;0;0;0;0;0;0;0;2
1692;Incendio 10-30;2021;mayo;77;1;3;4;0;0;2;31;0;1;0;0;2;0;14;0;0;58
1693;Emergencia Metro de Santiago 10-19;2021;mayo;77;0;0;0;0;0;0;2;0;0;0;0;0;0;0;0;0;2
1694;Estructural 10-0;2021;Junio;78;3;33;23;18;32;130;343;99;154;81;246;243;125;227;22;23;1802
1695;Vehículos 10-1;2021;Junio;78;1;14;9;5;9;35;185;17;24;8;25;17;8;17;3;6;383
1696;Pastizales y/o Basura 10-2;2021;Junio;78;20;15;37;16;45;165;325;171;35;9;29;21;12;42;7;10;959
1697;Rescate de Emergencia 10-3;2021;Junio;78;8;21;25;7;50;94;600;106;41;27;121;68;27;58;2;1;1256
1698;Rescate Vehicular 10-4;2021;Junio;78;23;25;78;53;70;265;568;174;191;90;297;149;80;182;18;23;2286
1699;Haz-Mat 10-5;2021;Junio;78;1;2;18;2;6;33;59;40;21;6;17;28;12;47;1;1;294
1700;Gas 10-6;2021;Junio;78;5;14;34;6;25;77;287;52;34;15;57;49;23;38;8;12;736
1701;Eléctrico 10-7;2021;Junio;78;4;5;7;11;9;27;269;46;14;14;29;10;7;17;3;2;474
1702;No Clasificado 10-8;2021;Junio;78;2;3;8;16;16;44;51;30;41;24;157;29;14;30;2;6;473
1703;Otros Servicios 10-9;2021;Junio;78;4;28;51;47;53;144;219;177;41;153;87;257;117;381;17;11;1787
1704;Escombros 10-10;2021;Junio;78;0;0;1;1;1;8;6;2;6;0;3;6;3;3;0;0;40
1705;Servicio Aéreo 10-11;2021;Junio;78;0;0;0;0;0;0;0;0;0;0;0;0;0;0;0;0;0
1706;Apoyo a otros Cuerpos 10-12;2021;Junio;78;0;2;1;3;3;6;191;27;2;3;7;16;13;1;0;0;275
1707;Atentados Terroristas 10-13;2021;Junio;78;0;0;0;0;0;0;0;0;0;0;0;1;0;1;0;0;2
1708;Accidentes Aéreos 10-14;2021;Junio;78;0;0;0;0;0;0;0;0;1;0;0;0;0;0;0;0;1
1709;Simulacro 10-15;2021;Junio;78;0;0;0;0;0;1;1;3;0;0;0;0;0;6;0;0;11
1710;Túnel 10-16;2021;Junio;78;0;0;0;0;0;0;1;0;0;0;5;0;0;0;0;0;6
1711;Falsa Alarma 6-16;2021;Junio;78;0;2;0;3;3;12;25;4;1;2;3;3;0;6;5;1;70
1712;Inundación 10-17;2021;Junio;78;0;0;0;0;0;0;1;0;0;0;7;2;2;0;0;0;12
1713;Emergencia Marítima Portuaria 10-18;2021;Junio;78;0;0;1;0;0;0;0;0;0;0;0;0;0;0;0;0;1
1714;Incendio 10-30;2021;Junio;78;1;3;3;0;0;2;25;0;2;0;0;2;0;14;0;0;52
1715;Emergencia Metro de Santiago 10-19;2021;Junio;78;0;0;0;0;0;0;2;0;0;0;0;0;0;0;0;0;2
1716;Estructural 10-0;2021;Julio;79;5;25;53;15;40;172;416;143;154;110;228;210;141;209;31;25;1977
1717;Vehículos 10-1;2021;Julio;79;5;14;13;7;14;52;237;21;27;10;34;33;11;15;2;9;504
1718;Pastizales y/o Basura 10-2;2021;Julio;79;20;13;58;17;49;196;445;260;36;10;36;13;9;56;3;2;1223
1719;Rescate de Emergencia 10-3;2021;Julio;79;7;14;32;6;40;116;693;82;73;29;119;69;36;76;3;3;1398
1720;Rescate Vehicular 10-4;2021;Julio;79;27;39;90;57;73;348;643;255;220;104;319;206;68;163;32;10;2654
1721;Haz-Mat 10-5;2021;Julio;79;0;3;22;2;5;37;53;33;8;3;27;30;16;32;0;2;273
1722;Gas 10-6;2021;Julio;79;2;12;42;19;21;107;342;57;31;21;87;43;24;44;6;17;875
1723;Eléctrico 10-7;2021;Julio;79;0;5;4;8;8;25;193;36;6;7;16;10;8;14;0;2;342
1724;No Clasificado 10-8;2021;Julio;79;1;3;11;13;6;49;63;37;38;28;164;26;10;25;4;8;486
1725;Otros Servicios 10-9;2021;Julio;79;2;11;61;41;56;130;246;236;60;148;75;241;86;198;5;15;1611
1726;Escombros 10-10;2021;Julio;79;0;0;6;3;0;31;16;5;3;4;2;2;2;4;1;0;79
1727;Servicio Aéreo 10-11;2021;Julio;79;0;0;0;0;0;0;0;0;0;0;0;0;0;0;0;0;0
1728;Apoyo a otros Cuerpos 10-12;2021;Julio;79;0;0;1;1;2;23;293;28;3;13;17;23;9;5;0;0;418
1729;Atentados Terroristas 10-13;2021;Julio;79;0;0;0;0;0;2;0;0;0;0;1;2;2;0;0;0;7
1730;Accidentes Aéreos 10-14;2021;Julio;79;0;0;0;0;0;2;0;0;1;0;0;0;0;0;0;0;3
1731;Simulacro 10-15;2021;Julio;79;1;0;0;1;0;2;2;0;0;1;0;0;1;2;0;0;10
1732;Túnel 10-16;2021;Julio;79;0;0;0;0;0;0;0;0;0;0;0;0;0;0;0;0;0
1733;Falsa Alarma 6-16;2021;Julio;79;0;1;0;2;2;13;41;7;3;6;2;3;1;9;1;2;93
1734;Inundación 10-17;2021;Julio;79;0;0;0;0;0;0;2;0;0;1;3;1;0;0;0;0;7
1735;Emergencia Marítima Portuaria 10-18;2021;Julio;79;0;0;2;0;0;0;0;0;0;0;0;0;0;1;0;0;3
1736;Incendio 10-30;2021;Julio;79;0;3;3;0;0;4;49;1;3;0;0;0;1;15;0;0;79
1737;Emergencia Metro de Santiago 10-19;2021;Julio;79;0;0;0;0;0;0;0;0;0;0;0;0;0;0;0;0;0
1738;Estructural 10-0;2021;Agosto;80;7;39;40;17;33;134;366;114;164;98;181;206;109;204;35;22;1769
1739;Vehículos 10-1;2021;Agosto;80;5;9;10;12;15;39;245;27;16;8;32;21;13;18;1;2;473
1740;Pastizales y/o Basura 10-2;2021;Agosto;80;22;13;44;33;55;220;429;216;59;48;79;41;11;53;8;0;1331
1741;Rescate de Emergencia 10-3;2021;Agosto;80;4;13;34;10;38;138;699;108;62;26;119;73;40;67;2;11;1444
1742;Rescate Vehicular 10-4;2021;Agosto;80;30;41;83;53;93;291;688;253;192;81;285;177;89;161;17;16;2550
1743;Haz-Mat 10-5;2021;Agosto;80;1;3;25;1;1;22;38;38;7;1;14;20;12;50;3;1;237
1744;Gas 10-6;2021;Agosto;80;4;20;35;17;29;92;295;59;38;19;82;43;34;43;3;13;826
1745;Eléctrico 10-7;2021;Agosto;80;1;10;4;11;3;31;238;54;15;20;14;18;10;11;1;0;441
1746;No Clasificado 10-8;2021;Agosto;80;1;7;18;6;11;112;130;100;112;47;189;48;13;41;6;5;846
1747;Otros Servicios 10-9;2021;Agosto;80;1;30;45;59;58;186;286;582;99;165;154;376;121;235;7;19;2423
1748;Escombros 10-10;2021;Agosto;80;2;1;1;0;2;24;17;7;5;2;4;5;2;7;3;0;82
1749;Servicio Aéreo 10-11;2021;Agosto;80;0;0;0;0;0;0;0;0;0;0;0;0;0;1;0;0;1
1750;Apoyo a otros Cuerpos 10-12;2021;Agosto;80;0;1;0;0;1;18;269;38;10;10;24;19;19;3;0;0;412
1751;Atentados Terroristas 10-13;2021;Agosto;80;0;0;0;0;0;4;0;0;0;0;1;1;0;0;0;0;6
1752;Accidentes Aéreos 10-14;2021;Agosto;80;0;0;0;0;0;1;0;0;0;0;0;0;0;0;0;0;1
1753;Simulacro 10-15;2021;Agosto;80;2;0;1;0;0;7;3;2;2;0;0;3;1;2;1;0;24
1754;Túnel 10-16;2021;Agosto;80;0;0;0;1;0;0;0;0;0;0;6;0;0;0;0;0;7
1755;Falsa Alarma 6-16;2021;Agosto;80;1;2;0;0;3;15;29;18;11;3;4;4;3;11;3;0;107
1756;Inundación 10-17;2021;Agosto;80;0;0;0;0;0;0;10;15;0;2;13;2;0;2;0;0;44
1757;Emergencia Marítima Portuaria 10-18;2021;Agosto;80;0;0;2;0;0;0;0;0;0;0;1;0;0;0;0;0;3
1758;Incendio 10-30;2021;Agosto;80;2;1;2;0;0;2;49;1;3;0;1;0;2;15;0;0;78
1759;Emergencia Metro de Santiago 10-19;2021;Agosto;80;0;0;0;0;0;0;1;0;0;0;0;0;0;0;0;0;1
1760;Estructural 10-0;2021;septiembre;81;4;31;35;15;27;116;356;132;103;60;166;158;93;151;26;18;1491
1761;Vehículos 10-1;2021;septiembre;81;1;6;7;6;8;44;281;22;37;20;40;34;4;17;2;6;535
1762;Pastizales y/o Basura 10-2;2021;septiembre;81;23;25;24;27;62;198;506;298;98;60;80;113;25;74;6;5;1624
1763;Rescate de Emergencia 10-3;2021;septiembre;81;3;9;30;7;20;115;700;113;45;53;129;65;24;88;7;4;1412
1764;Rescate Vehicular 10-4;2021;septiembre;81;31;32;78;45;67;303;713;227;158;96;299;163;102;143;20;14;2491
1765;Haz-Mat 10-5;2021;septiembre;81;0;1;9;2;3;29;49;25;13;4;25;19;21;41;4;3;248
1766;Gas 10-6;2021;septiembre;81;4;18;28;15;12;57;220;49;23;13;76;43;26;42;5;11;642
1767;Eléctrico 10-7;2021;septiembre;81;0;3;8;5;7;27;144;29;13;16;14;18;3;8;1;1;297
1768;No Clasificado 10-8;2021;septiembre;81;2;8;13;11;9;54;79;55;72;35;142;31;14;27;4;8;564
1769;Otros Servicios 10-9;2021;septiembre;81;6;12;47;56;70;203;310;371;84;152;116;348;130;217;6;23;2151
1770;Escombros 10-10;2021;septiembre;81;0;2;0;1;3;17;20;7;5;2;3;2;0;2;1;0;65
1771;Servicio Aéreo 10-11;2021;septiembre;81;0;0;0;0;0;0;1;0;0;0;0;0;0;0;0;0;1
1772;Apoyo a otros Cuerpos 10-12;2021;septiembre;81;0;1;1;0;9;14;270;36;37;15;8;28;3;4;1;0;427
1773;Atentados Terroristas 10-13;2021;septiembre;81;0;0;0;0;0;0;2;1;1;0;0;0;1;0;0;0;5
1774;Accidentes Aéreos 10-14;2021;septiembre;81;0;0;0;0;0;0;1;0;0;0;0;0;0;0;0;0;1
1775;Simulacro 10-15;2021;septiembre;81;3;0;5;0;0;9;6;3;3;1;4;2;2;13;2;0;53
1776;Túnel 10-16;2021;septiembre;81;0;0;0;0;0;0;0;0;0;0;6;0;0;0;0;0;6
1777;Falsa Alarma 6-16;2021;septiembre;81;1;0;1;1;3;11;39;6;3;7;6;5;2;9;2;2;98
1778;Inundación 10-17;2021;septiembre;81;0;0;0;0;0;0;1;2;0;0;11;3;0;0;0;0;17
1779;Emergencia Marítima Portuaria 10-18;2021;septiembre;81;0;0;3;0;0;0;0;0;0;0;0;0;0;0;0;0;3
1780;Incendio 10-30;2021;septiembre;81;1;2;4;0;0;0;42;0;2;0;0;1;0;18;0;0;70
1781;Emergencia Metro de Santiago 10-19;2021;septiembre;81;0;0;0;0;0;0;0;0;0;0;0;0;0;0;0;0;0
1782;Estructural 10-0;2021;octubre;82;9;43;66;35;32;124;389;114;84;50;163;138;77;156;24;26;1530
1783;Vehículos 10-1;2021;octubre;82;5;5;15;3;10;37;321;20;19;11;35;30;8;25;4;5;553
1784;Pastizales y/o Basura 10-2;2021;octubre;82;24;20;57;29;50;285;581;289;184;95;169;166;37;123;11;5;2125
1785;Rescate de Emergencia 10-3;2021;octubre;82;4;10;28;7;41;112;795;105;51;46;130;79;53;66;4;6;1537
1786;Rescate Vehicular 10-4;2021;octubre;82;39;25;93;59;64;328;773;235;206;103;262;136;99;127;24;25;2598
1787;Haz-Mat 10-5;2021;octubre;82;1;0;6;0;6;41;37;47;12;2;25;21;12;26;1;0;237
1788;Gas 10-6;2021;octubre;82;3;14;29;7;13;51;218;47;19;13;72;25;20;39;10;9;589
1789;Eléctrico 10-7;2021;octubre;82;0;5;8;2;2;14;155;28;10;3;14;18;1;15;4;2;281
1790;No Clasificado 10-8;2021;octubre;82;2;5;3;14;8;61;100;44;49;19;147;21;20;45;8;10;556
1791;Otros Servicios 10-9;2021;octubre;82;2;13;47;63;50;169;276;325;59;157;149;341;116;238;6;42;2053
1792;Escombros 10-10;2021;octubre;82;1;1;0;2;3;25;40;9;3;2;4;6;2;4;1;0;103
1793;Servicio Aéreo 10-11;2021;octubre;82;0;0;0;0;0;0;1;1;0;0;0;0;0;0;0;0;2
1794;Apoyo a otros Cuerpos 10-12;2021;octubre;82;0;7;4;2;6;48;429;44;7;8;21;26;16;2;0;0;620
1795;Atentados Terroristas 10-13;2021;octubre;82;0;0;0;0;0;2;1;0;0;0;0;2;0;0;0;0;5
1796;Accidentes Aéreos 10-14;2021;octubre;82;0;0;0;0;0;0;0;0;0;0;0;0;0;0;0;0;0
1797;Simulacro 10-15;2021;octubre;82;11;0;1;0;3;8;4;0;1;2;2;3;3;15;1;2;56
1798;Túnel 10-16;2021;octubre;82;0;0;0;0;0;0;3;0;0;1;1;0;0;0;0;0;5
1799;Falsa Alarma 6-16;2021;octubre;82;0;0;1;1;1;11;34;2;1;6;6;10;4;5;2;3;87
1800;Inundación 10-17;2021;octubre;82;0;0;0;0;0;0;0;0;0;0;5;0;0;0;0;0;5
1801;Emergencia Marítima Portuaria 10-18;2021;octubre;82;0;0;2;0;0;0;0;0;0;0;0;0;0;0;0;0;2
1802;Incendio 10-30;2021;octubre;82;4;2;3;0;0;3;43;1;5;0;0;2;0;10;0;0;73
1803;Emergencia Metro de Santiago 10-19;2021;octubre;82;0;0;0;0;0;0;0;0;0;0;0;0;0;0;0;0;0
1804;Estructural 10-0;2021;Noviembre;83;6;49;37;14;32;116;354;70;80;61;135;103;50;134;16;22;1279
1805;Vehículos 10-1;2021;Noviembre;83;2;15;9;3;13;35;270;19;22;15;29;18;8;24;2;5;489
1806;Pastizales y/o Basura 10-2;2021;Noviembre;83;22;18;40;24;59;300;679;411;243;133;311;232;60;133;8;20;2693
1807;Rescate de Emergencia 10-3;2021;Noviembre;83;7;11;31;4;33;140;763;98;68;28;138;58;35;76;2;3;1495
1808;Rescate Vehicular 10-4;2021;Noviembre;83;34;50;82;74;59;352;776;270;179;90;267;134;79;158;38;24;2666
1809;Haz-Mat 10-5;2021;Noviembre;83;0;0;6;3;8;30;31;48;14;13;24;16;9;39;2;1;244
1810;Gas 10-6;2021;Noviembre;83;5;9;30;8;14;52;201;44;20;8;59;27;15;38;2;7;539
1811;Eléctrico 10-7;2021;Noviembre;83;2;1;8;5;3;26;129;23;8;10;11;6;6;9;1;2;250
1812;No Clasificado 10-8;2021;Noviembre;83;7;4;6;12;8;71;84;66;34;27;124;36;13;28;3;2;525
1813;Otros Servicios 10-9;2021;Noviembre;83;2;9;47;45;43;203;304;330;88;187;138;328;102;246;4;39;2115
1814;Escombros 10-10;2021;Noviembre;83;0;0;9;0;2;37;43;20;4;2;9;6;2;3;2;1;140
1815;Servicio Aéreo 10-11;2021;Noviembre;83;0;0;0;0;0;0;1;0;0;0;0;0;0;0;0;0;1
1816;Apoyo a otros Cuerpos 10-12;2021;Noviembre;83;0;0;3;1;3;35;368;57;28;4;31;16;7;5;0;0;558
1817;Atentados Terroristas 10-13;2021;Noviembre;83;0;0;0;0;0;0;1;0;0;0;0;3;0;1;0;0;5
1818;Accidentes Aéreos 10-14;2021;Noviembre;83;0;0;0;0;0;0;0;0;1;0;0;0;0;0;0;0;1
1819;Simulacro 10-15;2021;Noviembre;83;4;0;5;0;1;9;23;4;4;0;8;13;2;13;0;3;89
1820;Túnel 10-16;2021;Noviembre;83;0;0;0;0;0;0;0;0;0;0;2;0;0;0;0;0;2
1821;Falsa Alarma 6-16;2021;Noviembre;83;1;1;2;1;5;9;22;6;2;7;4;6;3;6;2;1;78
1822;Inundación 10-17;2021;Noviembre;83;0;0;0;0;0;0;3;1;0;0;1;0;0;0;0;0;5
1823;Emergencia Marítima Portuaria 10-18;2021;Noviembre;83;0;0;5;0;0;0;0;0;0;0;0;0;0;0;0;0;5
1824;Incendio 10-30;2021;Noviembre;83;0;1;4;0;0;6;40;1;4;0;1;1;1;13;0;0;72
1825;Emergencia Metro de Santiago 10-19;2021;Noviembre;83;0;0;0;0;0;0;2;0;0;0;0;0;0;0;0;0;2
1826;Estructural 10-0;2021;diciembre;84;8;28;46;22;33;120;378;80;87;71;124;97;47;108;25;12;1286
1827;Vehículos 10-1;2021;diciembre;84;6;16;12;7;12;41;298;27;38;13;44;31;18;24;6;2;595
1828;Pastizales y/o Basura 10-2;2021;diciembre;84;20;41;46;27;51;321;685;411;446;187;439;495;131;241;16;9;3566
1829;Rescate de Emergencia 10-3;2021;diciembre;84;6;16;16;9;30;130;791;96;49;44;156;70;63;55;2;5;1538
1830;Rescate Vehicular 10-4;2021;diciembre;84;26;41;79;74;53;372;781;269;180;106;255;163;98;154;27;22;2700
1831;Haz-Mat 10-5;2021;diciembre;84;0;4;7;4;2;34;35;32;25;19;24;26;14;39;2;1;268
1832;Gas 10-6;2021;diciembre;84;6;16;23;10;12;39;182;25;15;13;44;26;15;23;3;11;463
1833;Eléctrico 10-7;2021;diciembre;84;0;3;10;6;6;24;137;32;10;13;5;14;8;12;3;1;284
1834;No Clasificado 10-8;2021;diciembre;84;4;5;15;14;16;93;96;28;42;23;107;26;22;47;6;12;556
1835;Otros Servicios 10-9;2021;diciembre;84;0;21;56;36;46;198;309;297;99;239;126;319;176;334;20;46;2322
1836;Escombros 10-10;2021;diciembre;84;0;1;0;0;3;25;55;8;10;4;5;15;3;18;2;1;150
1837;Servicio Aéreo 10-11;2021;diciembre;84;0;0;0;0;0;0;0;0;1;4;0;0;2;0;0;0;7
1838;Apoyo a otros Cuerpos 10-12;2021;diciembre;84;0;0;0;1;5;38;370;70;31;99;68;105;5;44;3;0;839
1839;Atentados Terroristas 10-13;2021;diciembre;84;0;0;0;0;0;1;2;0;0;0;0;0;0;0;0;0;3
1840;Accidentes Aéreos 10-14;2021;diciembre;84;0;0;0;0;0;0;0;0;0;0;0;0;0;0;0;0;0
1841;Simulacro 10-15;2021;diciembre;84;1;0;3;3;2;1;9;12;7;3;3;8;3;12;0;2;69
1842;Túnel 10-16;2021;diciembre;84;0;0;0;0;0;1;1;0;0;0;0;0;0;0;0;0;2
1843;Falsa Alarma 6-16;2021;diciembre;84;1;1;1;0;1;16;35;2;5;4;8;14;3;6;0;1;98
1844;Inundación 10-17;2021;diciembre;84;0;0;0;0;0;0;2;1;0;0;1;0;0;0;0;0;4
1845;Emergencia Marítima Portuaria 10-18;2021;diciembre;84;0;0;2;0;0;0;0;0;0;0;0;0;0;1;0;0;3
1846;Incendio 10-30;2021;diciembre;84;1;1;4;0;0;4;49;1;10;0;0;3;3;13;0;0;89
1847;Emergencia Metro de Santiago 10-19;2021;diciembre;84;0;0;0;0;0;0;1;0;0;0;0;0;0;0;0;0;1
1848;Estructural 10-0;2022;enero;85;2;48;30;23;36;121;334;84;91;45;139;86;35;120;15;18;1227
1849;Vehículos 10-1;2022;enero;85;6;9;20;10;11;59;250;23;46;17;34;30;5;21;3;6;550
1850;Pastizales y/o Basura 10-2;2022;enero;85;24;33;55;41;94;385;648;566;574;268;548;448;99;135;4;20;3942
1851;Rescate de Emergencia 10-3;2022;enero;85;5;14;20;16;47;136;725;99;52;47;148;87;36;107;7;8;1554
1852;Rescate Vehicular 10-4;2022;enero;85;23;34;84;59;78;369;662;216;237;111;303;216;122;171;30;26;2741
1853;Haz-Mat 10-5;2022;enero;85;0;0;8;0;7;38;41;42;16;12;25;34;20;56;0;6;305
1854;Gas 10-6;2022;enero;85;2;14;23;5;9;44;162;31;9;10;65;24;15;27;1;9;450
1855;Eléctrico 10-7;2022;enero;85;0;5;13;6;7;32;132;30;10;6;21;12;11;8;2;4;299
1856;No Clasificado 10-8;2022;enero;85;7;7;4;12;20;73;89;42;51;35;133;34;26;36;1;4;574
1857;Otros Servicios 10-9;2022;enero;85;7;5;63;43;52;197;287;357;126;219;219;453;141;345;9;31;2554
1858;Escombros 10-10;2022;enero;85;0;2;4;2;0;55;45;16;19;16;11;12;1;8;0;2;193
1859;Servicio Aéreo 10-11;2022;enero;85;0;0;0;0;0;0;1;0;0;0;0;0;0;0;0;0;1
1860;Apoyo a otros Cuerpos 10-12;2022;enero;85;0;2;2;4;12;65;362;111;57;40;47;69;5;8;0;0;784
1861;Atentados Terroristas 10-13;2022;enero;85;0;0;0;0;0;2;1;0;0;0;0;1;0;0;0;0;4
1862;Accidentes Aéreos 10-14;2022;enero;85;0;0;0;0;0;0;0;0;0;0;0;0;0;0;0;0;0
1863;Simulacro 10-15;2022;enero;85;1;0;0;0;0;2;5;2;1;0;1;1;1;9;0;0;23
1864;Túnel 10-16;2022;enero;85;0;0;0;0;0;0;0;0;0;0;1;0;0;1;0;0;2
1865;Falsa Alarma 6-16;2022;enero;85;2;0;0;2;2;9;32;10;11;10;8;15;5;6;5;1;118
1866;Inundación 10-17;2022;enero;85;0;0;0;0;0;0;2;0;0;0;1;0;0;1;0;0;4
1867;Emergencia Marítima Portuaria 10-18;2022;enero;85;0;0;3;0;0;1;0;0;0;0;2;0;0;0;0;0;6
1868;Incendio 10-30;2022;enero;85;0;4;5;0;0;6;47;3;13;0;0;5;1;7;0;0;91
1869;Emergencia Metro de Santiago 10-19;2022;enero;85;0;0;0;0;0;0;0;0;0;0;0;0;0;0;0;0;0
1870;Estructural 10-0;2022;febrero;86;8;39;47;18;36;126;283;105;78;68;139;125;54;99;21;13;1259
1871;Vehículos 10-1;2022;febrero;86;2;3;11;6;11;47;210;8;27;11;27;26;19;20;4;4;436
1872;Pastizales y/o Basura 10-2;2022;febrero;86;21;18;40;32;62;324;609;439;651;277;868;1231;209;290;7;21;5099
1873;Rescate de Emergencia 10-3;2022;febrero;86;5;17;25;8;29;121;600;114;50;38;128;83;35;93;3;2;1351
1874;Rescate Vehicular 10-4;2022;febrero;86;19;37;74;47;69;359;593;227;209;92;242;188;98;172;27;23;2476
1875;Haz-Mat 10-5;2022;febrero;86;0;1;21;3;0;42;42;58;20;6;50;30;25;51;2;4;355
1876;Gas 10-6;2022;febrero;86;3;14;20;11;16;36;139;31;25;5;30;16;13;20;3;6;388
1877;Eléctrico 10-7;2022;febrero;86;2;2;6;4;7;32;149;39;5;10;7;26;10;11;1;4;315
1878;No Clasificado 10-8;2022;febrero;86;4;2;9;15;12;82;88;35;43;17;70;31;21;28;3;6;466
1879;Otros Servicios 10-9;2022;febrero;86;2;5;46;34;37;188;209;271;88;143;181;387;131;311;7;56;2096
1880;Escombros 10-10;2022;febrero;86;0;4;4;1;4;27;34;22;16;9;18;18;4;33;1;1;196
1881;Servicio Aéreo 10-11;2022;febrero;86;0;0;0;0;0;0;0;0;0;0;0;0;7;0;0;0;7
1882;Apoyo a otros Cuerpos 10-12;2022;febrero;86;0;1;0;1;9;45;242;154;90;65;120;237;41;23;0;0;1028
1883;Atentados Terroristas 10-13;2022;febrero;86;0;0;0;0;0;0;0;0;0;0;0;1;0;0;0;0;1
1884;Accidentes Aéreos 10-14;2022;febrero;86;0;0;0;0;0;0;0;0;1;0;0;0;0;0;0;0;1
1885;Simulacro 10-15;2022;febrero;86;0;0;1;0;0;2;3;2;0;1;1;0;0;4;0;0;14
1886;Túnel 10-16;2022;febrero;86;0;0;0;0;0;0;0;0;0;0;1;0;0;0;0;0;1
1887;Falsa Alarma 6-16;2022;febrero;86;2;0;0;0;2;9;30;10;12;6;8;19;8;8;1;0;115
1888;Inundación 10-17;2022;febrero;86;0;0;0;0;0;0;2;0;1;0;1;1;0;0;0;0;5
1889;Emergencia Marítima Portuaria 10-18;2022;febrero;86;0;0;4;0;0;0;0;0;0;0;2;0;0;0;0;0;6
1890;Incendio 10-30;2022;febrero;86;0;4;3;0;1;11;37;7;11;0;0;11;1;19;0;0;105
1891;Emergencia Metro de Santiago 10-19;2022;febrero;86;0;0;0;0;0;0;2;0;0;0;0;0;0;0;0;0;2
1892;Estructural 10-0;2022;marzo;87;5;33;54;9;37;123;368;98;93;45;160;108;62;153;17;23;1388
1893;Vehículos 10-1;2022;marzo;87;3;13;8;4;11;52;283;25;24;11;25;17;16;26;3;4;525
1894;Pastizales y/o Basura 10-2;2022;marzo;87;24;45;36;33;73;313;660;449;538;271;545;387;44;82;10;3;3513
1895;Rescate de Emergencia 10-3;2022;marzo;87;4;16;24;18;29;149;820;99;48;37;141;70;31;94;4;1;1585
1896;Rescate Vehicular 10-4;2022;marzo;87;38;37;84;54;87;343;767;248;165;88;271;157;92;132;27;20;2610
1897;Haz-Mat 10-5;2022;marzo;87;1;3;14;4;5;31;49;45;16;3;30;27;21;55;5;4;313
1898;Gas 10-6;2022;marzo;87;2;16;20;12;12;56;208;39;27;10;59;23;20;51;3;8;566
1899;Eléctrico 10-7;2022;marzo;87;2;3;14;7;8;32;122;30;10;7;12;7;4;16;2;3;279
1900;No Clasificado 10-8;2022;marzo;87;5;9;8;10;14;79;110;46;41;20;94;17;32;27;5;8;525
1901;Otros Servicios 10-9;2022;marzo;87;9;4;72;37;48;193;262;375;74;147;183;373;90;285;10;23;2185
1902;Escombros 10-10;2022;marzo;87;1;2;1;0;4;31;28;7;18;7;11;15;3;10;1;1;140
1903;Servicio Aéreo 10-11;2022;marzo;87;0;0;0;0;0;0;0;0;0;1;0;0;1;0;0;0;2
1904;Apoyo a otros Cuerpos 10-12;2022;marzo;87;0;2;1;1;5;41;317;53;54;71;120;41;12;5;0;0;723
1905;Atentados Terroristas 10-13;2022;marzo;87;0;0;0;0;0;2;0;0;1;0;3;1;1;0;0;0;8
1906;Accidentes Aéreos 10-14;2022;marzo;87;0;0;0;0;0;0;0;0;1;0;0;0;0;0;0;0;1
1907;Simulacro 10-15;2022;marzo;87;0;0;1;0;3;3;1;1;2;1;3;5;2;4;0;0;26
1908;Túnel 10-16;2022;marzo;87;0;0;0;0;0;0;1;0;0;0;0;0;0;0;0;0;1
1909;Falsa Alarma 6-16;2022;marzo;87;0;0;1;4;0;15;27;10;9;9;4;16;3;6;1;4;109
1910;Inundación 10-17;2022;marzo;87;0;0;0;0;0;0;4;0;0;0;1;0;0;0;0;0;5
1911;Emergencia Marítima Portuaria 10-18;2022;marzo;87;0;0;2;0;0;0;0;0;0;0;3;0;0;0;0;0;5
1912;Incendio 10-30;2022;marzo;87;1;1;1;0;0;1;36;1;10;0;0;5;3;20;0;0;79
1913;Emergencia Metro de Santiago 10-19;2022;marzo;87;0;0;0;0;0;0;2;0;0;0;0;0;0;0;0;0;2
1914;Estructural 10-0;2022;abril;88;5;25;38;13;38;141;322;117;100;64;177;165;90;171;23;24;1513
1915;Vehículos 10-1;2022;abril;88;6;13;15;8;26;45;243;17;24;18;27;23;7;9;3;3;487
1916;Pastizales y/o Basura 10-2;2022;abril;88;19;40;31;21;56;286;512;323;361;175;198;82;29;41;0;2;2176
1917;Rescate de Emergencia 10-3;2022;abril;88;5;14;16;4;32;115;801;90;32;32;118;67;31;81;5;4;1447
1918;Rescate Vehicular 10-4;2022;abril;88;41;28;63;48;60;321;707;265;172;103;298;189;87;166;27;11;2586
1919;Haz-Mat 10-5;2022;abril;88;1;0;5;7;5;48;32;43;21;4;38;30;19;46;1;3;303
1920;Gas 10-6;2022;abril;88;6;13;20;23;19;59;202;43;16;7;58;41;22;46;10;17;602
1921;Eléctrico 10-7;2022;abril;88;1;6;5;8;10;60;332;44;13;15;31;12;7;19;1;1;565
1922;No Clasificado 10-8;2022;abril;88;1;7;12;9;20;95;103;68;57;53;144;31;53;35;2;6;696
1923;Otros Servicios 10-9;2022;abril;88;6;10;81;36;41;237;266;457;90;139;178;494;178;445;9;23;2690
1924;Escombros 10-10;2022;abril;88;0;0;1;0;2;41;23;8;3;4;6;7;1;3;1;6;106
1925;Servicio Aéreo 10-11;2022;abril;88;0;0;0;0;0;0;0;1;0;0;0;0;0;0;0;0;1
1926;Apoyo a otros Cuerpos 10-12;2022;abril;88;0;1;0;2;11;39;263;51;22;33;25;45;4;4;0;0;500
1927;Atentados Terroristas 10-13;2022;abril;88;0;0;0;0;0;0;0;1;2;1;2;4;0;0;0;0;10
1928;Accidentes Aéreos 10-14;2022;abril;88;0;0;1;0;0;0;0;0;0;0;0;0;0;0;0;0;1
1929;Simulacro 10-15;2022;abril;88;1;0;2;0;1;5;4;2;1;1;4;4;1;9;0;3;38
1930;Túnel 10-16;2022;abril;88;0;0;0;0;0;0;0;0;0;0;4;0;0;0;0;0;4
1931;Falsa Alarma 6-16;2022;abril;88;0;1;1;3;1;7;51;5;5;4;5;4;1;4;3;0;95
1932;Inundación 10-17;2022;abril;88;0;0;0;0;0;5;4;0;8;1;22;0;0;3;0;0;43
1933;Emergencia Marítima Portuaria 10-18;2022;abril;88;0;0;1;0;0;0;0;0;0;0;2;0;0;0;0;0;3
1934;Incendio 10-30;2022;abril;88;0;1;7;0;0;4;42;2;7;0;0;1;4;15;0;0;83
1935;Emergencia Metro de Santiago 10-19;2022;abril;88;0;0;0;0;0;0;3;0;0;0;0;0;0;0;0;0;3
1936;Estructural 10-0;2022;mayo;89;6;35;44;17;45;158;408;133;141;74;236;227;108;199;34;13;1878
1937;Vehículos 10-1;2022;mayo;89;4;9;17;4;15;45;236;18;25;6;36;24;15;26;1;8;489
1938;Pastizales y/o Basura 10-2;2022;mayo;89;20;40;52;23;54;197;437;177;84;67;78;57;30;58;4;3;1381
1939;Rescate de Emergencia 10-3;2022;mayo;89;6;21;19;2;28;141;854;87;40;22;136;88;31;76;2;5;1558
1940;Rescate Vehicular 10-4;2022;mayo;89;36;56;95;59;57;305;617;197;178;69;248;152;90;188;34;17;2398
1941;Haz-Mat 10-5;2022;mayo;89;0;1;12;13;9;54;43;33;13;5;35;22;14;43;4;6;307
1942;Gas 10-6;2022;mayo;89;7;12;39;22;22;84;289;47;37;21;73;46;29;47;4;11;790
1943;Eléctrico 10-7;2022;mayo;89;0;6;15;8;11;33;176;33;15;28;33;13;6;14;3;1;395
1944;No Clasificado 10-8;2022;mayo;89;1;10;11;9;8;61;90;42;41;22;122;23;21;34;9;4;508
1945;Otros Servicios 10-9;2022;mayo;89;3;14;76;30;36;223;268;349;105;151;145;355;94;363;15;24;2251
1946;Escombros 10-10;2022;mayo;89;1;0;4;2;4;20;12;9;7;4;5;9;2;3;0;0;82
1947;Servicio Aéreo 10-11;2022;mayo;89;0;0;0;0;0;0;0;0;0;0;0;0;0;0;0;0;0
1948;Apoyo a otros Cuerpos 10-12;2022;mayo;89;0;5;0;1;0;30;276;33;4;5;24;30;6;6;0;0;420
1949;Atentados Terroristas 10-13;2022;mayo;89;0;0;0;0;0;1;0;2;0;0;1;1;0;0;0;0;5
1950;Accidentes Aéreos 10-14;2022;mayo;89;0;0;0;0;0;0;1;1;0;0;0;0;0;0;0;0;2
1951;Simulacro 10-15;2022;mayo;89;2;3;1;0;1;5;8;2;10;1;7;18;6;6;0;0;70
1952;Túnel 10-16;2022;mayo;89;0;0;0;0;0;0;1;1;0;0;3;0;0;0;1;0;6
1953;Falsa Alarma 6-16;2022;mayo;89;0;0;1;2;0;11;38;5;2;0;4;8;4;10;1;3;89
1954;Inundación 10-17;2022;mayo;89;0;0;0;0;0;0;0;1;0;0;12;4;0;3;0;0;20
1955;Emergencia Marítima Portuaria 10-18;2022;mayo;89;0;0;4;0;0;0;0;0;0;0;4;0;0;0;0;0;8
1956;Incendio 10-30;2022;mayo;89;3;1;3;0;0;1;45;2;5;0;0;1;4;19;0;0;84
1957;Emergencia Metro de Santiago 10-19;2022;mayo;89;0;0;0;0;0;0;0;0;0;0;0;0;0;0;0;0;0
1958;Estructural 10-0;2022;Junio;90;2;35;29;16;27;164;410;131;178;118;232;215;104;259;40;21;1981
1959;Vehículos 10-1;2022;Junio;90;5;5;8;5;22;39;244;24;22;7;33;22;8;17;2;3;466
1960;Pastizales y/o Basura 10-2;2022;Junio;90;18;20;52;22;43;183;361;108;31;17;16;10;6;59;5;10;961
1961;Rescate de Emergencia 10-3;2022;Junio;90;9;21;19;5;25;123;912;91;53;46;101;98;9;73;2;1;1588
1962;Rescate Vehicular 10-4;2022;Junio;90;31;28;93;39;78;314;588;206;164;75;205;132;83;157;39;15;2247
1963;Haz-Mat 10-5;2022;Junio;90;0;3;10;8;2;47;47;36;13;8;31;24;15;43;4;2;293
1964;Gas 10-6;2022;Junio;90;2;17;48;22;30;77;343;41;36;25;89;48;20;43;12;10;863
1965;Eléctrico 10-7;2022;Junio;90;1;3;12;6;14;45;296;39;13;13;34;20;12;11;3;2;524
1966;No Clasificado 10-8;2022;Junio;90;3;9;7;9;14;155;84;53;56;31;125;23;27;37;4;6;643
1967;Otros Servicios 10-9;2022;Junio;90;1;12;87;48;59;236;277;417;111;149;105;458;166;344;12;29;2511
1968;Escombros 10-10;2022;Junio;90;0;0;1;0;1;34;12;4;4;1;5;5;0;7;0;1;75
1969;Servicio Aéreo 10-11;2022;Junio;90;0;0;0;0;0;0;1;0;0;0;0;0;0;0;0;0;1
1970;Apoyo a otros Cuerpos 10-12;2022;Junio;90;0;0;5;1;3;16;253;41;8;5;11;53;13;3;0;0;412
1971;Atentados Terroristas 10-13;2022;Junio;90;0;0;0;0;0;2;0;1;0;0;0;1;2;0;0;0;6
1972;Accidentes Aéreos 10-14;2022;Junio;90;0;0;0;0;0;0;0;1;0;0;0;0;0;0;0;0;1
1973;Simulacro 10-15;2022;Junio;90;2;2;12;1;2;4;9;0;6;2;2;6;4;8;1;0;61
1974;Túnel 10-16;2022;Junio;90;0;0;0;0;0;1;2;0;0;0;10;0;0;0;0;0;13
1975;Falsa Alarma 6-16;2022;Junio;90;4;1;1;0;4;6;21;8;3;7;4;12;3;5;1;0;80
1976;Inundación 10-17;2022;Junio;90;0;0;0;0;1;5;1;0;6;2;30;18;10;10;0;0;83
1977;Emergencia Marítima Portuaria 10-18;2022;Junio;90;0;0;0;0;0;0;0;0;0;0;4;0;0;0;0;0;4
1978;Incendio 10-30;2022;Junio;90;0;3;1;1;1;0;42;2;9;0;1;0;1;22;0;0;83
1979;Emergencia Metro de Santiago 10-19;2022;Junio;90;0;0;0;0;0;0;2;0;0;0;0;0;0;0;0;0;2
1980;Estructural 10-0;2022;Julio;91;7;38;41;21;29;171;415;142;170;73;235;217;97;243;31;32;1962
1981;Vehículos 10-1;2022;Julio;91;4;15;7;4;16;41;232;18;15;10;37;22;12;18;3;5;459
1982;Pastizales y/o Basura 10-2;2022;Julio;91;11;15;44;22;30;96;218;75;23;6;7;3;9;34;1;2;596
1983;Rescate de Emergencia 10-3;2022;Julio;91;10;13;36;10;35;175;920;111;66;31;124;125;25;69;1;8;1759
1984;Rescate Vehicular 10-4;2022;Julio;91;24;31;85;59;74;376;565;191;167;100;238;184;75;198;22;15;2404
1985;Haz-Mat 10-5;2022;Julio;91;1;3;8;3;2;40;37;23;18;6;14;18;10;53;2;1;239
1986;Gas 10-6;2022;Julio;91;5;17;32;13;19;86;305;58;22;18;73;36;21;47;8;13;773
1987;Eléctrico 10-7;2022;Julio;91;0;5;2;14;38;74;403;52;21;16;25;21;9;23;2;0;705
1988;No Clasificado 10-8;2022;Julio;91;1;2;10;22;68;199;117;108;86;53;133;23;19;48;7;6;902
1989;Otros Servicios 10-9;2022;Julio;91;0;32;81;76;167;260;351;612;128;135;156;412;128;332;15;30;2915
1990;Escombros 10-10;2022;Julio;91;0;0;1;0;1;17;10;4;1;0;7;11;0;1;2;1;56
1991;Servicio Aéreo 10-11;2022;Julio;91;0;0;0;0;0;0;0;0;0;0;0;0;0;0;0;0;0
1992;Apoyo a otros Cuerpos 10-12;2022;Julio;91;0;1;11;2;0;28;222;13;24;5;14;22;6;5;0;0;353
1993;Atentados Terroristas 10-13;2022;Julio;91;0;0;0;0;0;0;0;0;1;0;1;2;2;0;0;0;6
1994;Accidentes Aéreos 10-14;2022;Julio;91;0;0;0;0;1;0;1;0;0;0;0;0;0;0;0;0;2
1995;Simulacro 10-15;2022;Julio;91;1;0;5;0;2;1;14;3;0;0;3;2;3;2;0;0;36
1996;Túnel 10-16;2022;Julio;91;0;0;0;0;0;0;2;0;0;0;7;0;0;0;0;0;9
1997;Falsa Alarma 6-16;2022;Julio;91;0;1;2;3;2;9;35;5;4;3;7;7;4;10;3;4;99
1998;Inundación 10-17;2022;Julio;91;0;0;0;0;2;19;2;3;4;7;61;8;2;12;0;0;120
1999;Emergencia Marítima Portuaria 10-18;2022;Julio;91;0;0;1;0;0;0;0;0;0;0;0;0;0;0;0;0;1
2000;Incendio 10-30;2022;Julio;91;1;4;4;0;0;8;39;3;1;0;0;2;2;20;0;0;84
2001;Emergencia Metro de Santiago 10-19;2022;Julio;91;0;0;0;0;0;0;1;0;0;0;0;0;0;0;0;0;1
2002;Estructural 10-0;2022;Agosto;92;4;40;43;19;38;145;390;113;177;90;220;203;112;188;24;19;1825
2003;Vehículos 10-1;2022;Agosto;92;2;1;11;10;17;43;203;17;26;8;25;24;16;14;5;1;423
2004;Pastizales y/o Basura 10-2;2022;Agosto;92;17;26;58;39;47;143;283;139;50;16;42;15;5;51;5;3;939
2005;Rescate de Emergencia 10-3;2022;Agosto;92;10;16;23;13;30;134;986;106;43;35;132;89;21;69;2;4;1713
2006;Rescate Vehicular 10-4;2022;Agosto;92;31;33;83;52;62;305;617;220;178;94;234;148;66;113;29;13;2278
2007;Haz-Mat 10-5;2022;Agosto;92;0;3;11;11;5;34;54;45;16;5;30;31;14;46;1;6;312
2008;Gas 10-6;2022;Agosto;92;1;15;52;23;33;114;323;46;28;22;86;40;20;55;2;11;871
2009;Eléctrico 10-7;2022;Agosto;92;0;8;8;0;2;40;232;43;12;17;24;16;7;16;0;4;429
2010;No Clasificado 10-8;2022;Agosto;92;1;4;2;13;19;112;98;60;53;33;78;27;32;46;5;2;585
2011;Otros Servicios 10-9;2022;Agosto;92;2;25;56;54;31;193;255;383;86;163;162;408;154;309;10;47;2338
2012;Escombros 10-10;2022;Agosto;92;1;2;8;0;1;16;9;8;11;3;5;6;7;8;0;0;85
2013;Servicio Aéreo 10-11;2022;Agosto;92;0;1;0;0;0;0;1;0;0;1;0;0;0;0;0;0;3
2014;Apoyo a otros Cuerpos 10-12;2022;Agosto;92;0;1;1;0;3;23;265;34;8;2;15;8;9;0;0;0;369
2015;Atentados Terroristas 10-13;2022;Agosto;92;0;0;0;0;0;0;0;0;3;0;3;1;0;0;0;0;7
2016;Accidentes Aéreos 10-14;2022;Agosto;92;0;0;0;0;0;2;1;0;1;0;0;0;0;0;2;0;6
2017;Simulacro 10-15;2022;Agosto;92;1;2;8;2;1;6;10;2;1;2;4;13;3;4;2;2;63
2018;Túnel 10-16;2022;Agosto;92;0;0;0;0;0;0;0;0;0;0;2;0;0;0;0;0;2
2019;Falsa Alarma 6-16;2022;Agosto;92;2;2;1;2;0;14;28;6;7;1;5;13;6;10;1;5;103
2020;Inundación 10-17;2022;Agosto;92;0;0;0;0;0;0;1;0;0;1;21;1;0;1;0;0;25
2021;Emergencia Marítima Portuaria 10-18;2022;Agosto;92;0;0;2;0;0;0;0;0;0;0;1;0;0;0;0;0;3
2022;Incendio 10-30;2022;Agosto;92;4;0;4;0;0;0;38;2;4;0;0;1;2;17;0;0;72
2023;Emergencia Metro de Santiago 10-19;2022;Agosto;92;0;0;0;0;0;0;3;0;0;0;0;0;0;0;0;0;3
2024;Estructural 10-0;2022;septiembre;93;4;37;49;15;44;149;330;93;173;62;196;176;90;162;21;20;1621
2025;Vehículos 10-1;2022;septiembre;93;6;8;22;4;9;35;219;16;18;7;25;31;12;19;1;8;440
2026;Pastizales y/o Basura 10-2;2022;septiembre;93;12;15;57;38;59;167;446;254;124;88;122;106;16;58;2;14;1578
2027;Rescate de Emergencia 10-3;2022;septiembre;93;5;17;15;5;30;164;873;114;42;28;135;96;23;74;5;1;1627
2028;Rescate Vehicular 10-4;2022;septiembre;93;29;32;74;56;78;346;638;199;171;80;213;133;60;123;20;10;2262
2029;Haz-Mat 10-5;2022;septiembre;93;0;0;5;2;4;26;36;49;17;3;21;21;13;42;1;4;244
2030;Gas 10-6;2022;septiembre;93;5;14;20;26;25;80;223;39;30;14;68;40;25;57;5;9;680
2031;Eléctrico 10-7;2022;septiembre;93;2;4;3;4;7;25;142;28;10;4;11;10;7;12;0;0;269
2032;No Clasificado 10-8;2022;septiembre;93;6;9;6;9;10;89;85;44;52;26;76;27;26;44;4;5;518
2033;Otros Servicios 10-9;2022;septiembre;93;4;24;63;35;44;205;283;433;106;149;171;383;171;263;13;30;2377
2034;Escombros 10-10;2022;septiembre;93;0;1;2;0;3;38;11;6;4;0;2;5;2;10;0;0;84
2035;Servicio Aéreo 10-11;2022;septiembre;93;0;0;0;0;0;1;0;0;0;0;0;0;0;0;0;0;1
2036;Apoyo a otros Cuerpos 10-12;2022;septiembre;93;0;0;0;1;3;18;222;22;6;6;11;18;7;11;0;0;325
2037;Atentados Terroristas 10-13;2022;septiembre;93;0;0;0;0;0;0;0;0;0;0;1;1;0;0;0;0;2
2038;Accidentes Aéreos 10-14;2022;septiembre;93;0;0;0;0;0;1;0;0;0;0;0;0;0;0;0;0;1
2039;Simulacro 10-15;2022;septiembre;93;2;1;2;2;3;17;15;7;10;0;10;7;3;7;2;2;90
2040;Túnel 10-16;2022;septiembre;93;0;0;0;0;0;0;0;0;0;0;1;0;0;0;0;0;1
2041;Falsa Alarma 6-16;2022;septiembre;93;0;2;1;2;2;7;32;1;1;2;2;9;2;8;4;5;80
2042;Inundación 10-17;2022;septiembre;93;0;0;0;0;0;0;1;0;0;0;4;0;0;1;0;0;6
2043;Emergencia Marítima Portuaria 10-18;2022;septiembre;93;0;0;0;0;0;0;0;0;0;0;0;0;0;0;0;0;0
2044;Incendio 10-30;2022;septiembre;93;1;1;4;0;0;4;34;1;1;0;1;2;4;17;0;0;70
2045;Emergencia Metro de Santiago 10-19;2022;septiembre;93;0;0;0;0;0;0;4;0;0;0;0;0;0;0;0;0;4
2046;Estructural 10-0;2022;octubre;94;8;29;45;18;42;137;341;141;99;61;154;173;60;149;21;22;1500
2047;Vehículos 10-1;2022;octubre;94;3;5;11;7;11;31;259;20;26;9;36;20;4;21;3;7;473
2048;Pastizales y/o Basura 10-2;2022;octubre;94;26;15;57;45;85;238;609;412;314;85;128;147;42;109;5;15;2332
2049;Rescate de Emergencia 10-3;2022;octubre;94;6;12;21;11;34;151;883;114;53;40;137;96;33;69;4;4;1668
2050;Rescate Vehicular 10-4;2022;octubre;94;29;24;60;40;76;315;673;190;175;71;197;145;50;123;31;13;2212
2051;Haz-Mat 10-5;2022;octubre;94;1;2;10;1;5;23;50;28;18;11;18;30;17;25;2;2;243
2052;Gas 10-6;2022;octubre;94;10;15;28;26;24;74;214;36;27;19;75;44;21;31;5;14;663
2053;Eléctrico 10-7;2022;octubre;94;2;1;11;7;6;32;140;24;6;10;16;12;7;12;1;1;288
2054;No Clasificado 10-8;2022;octubre;94;5;5;9;16;14;86;114;39;61;23;64;26;23;24;12;8;529
2055;Otros Servicios 10-9;2022;octubre;94;1;16;50;40;73;262;317;421;118;199;117;444;163;234;17;39;2511
2056;Escombros 10-10;2022;octubre;94;0;1;1;1;2;34;25;8;7;0;5;2;1;3;0;0;90
2057;Servicio Aéreo 10-11;2022;octubre;94;0;0;0;0;0;0;1;0;0;1;0;0;0;0;0;0;2
2058;Apoyo a otros Cuerpos 10-12;2022;octubre;94;0;0;0;1;4;51;326;105;48;5;9;16;9;5;0;0;579
2059;Atentados Terroristas 10-13;2022;octubre;94;0;0;0;0;0;0;1;0;0;0;1;1;0;0;0;0;3
2060;Accidentes Aéreos 10-14;2022;octubre;94;0;0;0;0;0;0;1;0;0;0;0;0;0;0;0;0;1
2061;Simulacro 10-15;2022;octubre;94;1;0;6;0;0;13;17;2;10;1;18;18;6;7;1;3;103
2062;Túnel 10-16;2022;octubre;94;0;0;0;0;0;0;2;0;0;0;1;0;0;0;0;0;3
2063;Falsa Alarma 6-16;2022;octubre;94;3;0;1;0;5;4;25;5;5;2;3;10;4;6;0;4;77
2064;Inundación 10-17;2022;octubre;94;0;0;0;0;0;3;0;0;0;0;1;0;0;0;0;0;4
2065;Emergencia Marítima Portuaria 10-18;2022;octubre;94;0;0;9;0;0;0;0;0;0;0;1;0;0;0;0;0;10
2066;Incendio 10-30;2022;octubre;94;2;2;2;0;0;3;52;0;4;0;0;1;1;13;0;0;80
2067;Emergencia Metro de Santiago 10-19;2022;octubre;94;0;0;0;0;0;0;2;0;0;0;0;0;0;0;0;0;2
2068;Estructural 10-0;2022;Noviembre;95;7;27;27;18;36;137;323;112;100;56;128;124;38;102;16;16;1267
2069;Vehículos 10-1;2022;Noviembre;95;6;7;9;3;12;30;256;14;26;5;35;37;7;19;4;7;477
2070;Pastizales y/o Basura 10-2;2022;Noviembre;95;19;10;54;42;91;359;787;518;346;114;246;158;61;112;7;11;2935
2071;Rescate de Emergencia 10-3;2022;Noviembre;95;8;9;30;11;35;144;946;98;55;32;151;104;28;77;3;3;1734
2072;Rescate Vehicular 10-4;2022;Noviembre;95;25;22;67;62;56;309;636;205;162;69;192;126;67;121;20;8;2147
2073;Haz-Mat 10-5;2022;Noviembre;95;0;3;8;2;8;42;54;40;12;7;34;28;16;38;4;4;300
2074;Gas 10-6;2022;Noviembre;95;2;11;23;19;29;73;192;38;21;12;63;25;14;38;2;17;579
2075;Eléctrico 10-7;2022;Noviembre;95;1;2;6;7;7;26;176;43;11;7;8;14;6;15;0;3;332
2076;No Clasificado 10-8;2022;Noviembre;95;4;13;5;14;10;91;116;47;42;24;94;23;29;31;2;5;550
2077;Otros Servicios 10-9;2022;Noviembre;95;4;20;80;37;47;247;322;353;102;172;154;463;126;289;5;19;2440
2078;Escombros 10-10;2022;Noviembre;95;0;0;2;0;4;40;42;21;9;1;4;10;1;3;0;0;137
2079;Servicio Aéreo 10-11;2022;Noviembre;95;0;0;0;0;0;0;0;0;1;0;0;0;0;0;0;0;1
2080;Apoyo a otros Cuerpos 10-12;2022;Noviembre;95;0;0;1;2;4;61;357;122;33;5;29;24;4;7;1;0;650
2081;Atentados Terroristas 10-13;2022;Noviembre;95;0;0;0;0;0;0;0;2;1;0;1;2;0;0;0;0;6
2082;Accidentes Aéreos 10-14;2022;Noviembre;95;0;0;0;0;0;0;2;0;0;2;0;0;0;0;0;0;4
2083;Simulacro 10-15;2022;Noviembre;95;14;0;10;9;4;14;33;4;15;6;21;54;10;31;3;4;232
2084;Túnel 10-16;2022;Noviembre;95;0;0;0;0;1;0;1;0;0;0;0;0;0;0;0;0;2
2085;Falsa Alarma 6-16;2022;Noviembre;95;0;0;2;1;3;11;21;6;7;2;5;8;1;10;0;2;79
2086;Inundación 10-17;2022;Noviembre;95;0;0;0;0;0;1;0;0;0;0;2;6;0;0;0;0;9
2087;Emergencia Marítima Portuaria 10-18;2022;Noviembre;95;0;0;3;0;0;0;0;0;0;0;2;0;0;0;0;0;5
2088;Incendio 10-30;2022;Noviembre;95;0;2;4;0;0;2;44;3;8;0;0;2;1;4;0;0;70
2089;Emergencia Metro de Santiago 10-19;2022;Noviembre;95;0;0;0;0;0;0;2;0;0;0;0;0;0;0;0;0;2
2090;Estructural 10-0;2022;diciembre;96;7;23;42;26;35;140;449;124;89;61;137;130;31;89;19;32;1434
2091;Vehículos 10-1;2022;diciembre;96;6;9;6;7;17;51;253;12;22;14;26;30;13;13;1;6;486
2092;Pastizales y/o Basura 10-2;2022;diciembre;96;19;14;65;39;72;525;1113;819;609;195;515;427;94;110;3;14;4633
2093;Rescate de Emergencia 10-3;2022;diciembre;96;10;10;27;11;36;176;979;103;54;32;140;100;32;75;2;4;1791
2094;Rescate Vehicular 10-4;2022;diciembre;96;19;32;67;60;76;390;644;247;121;81;257;174;57;124;24;13;2386
2095;Haz-Mat 10-5;2022;diciembre;96;1;2;4;0;4;32;50;36;18;6;18;24;13;37;1;3;249
2096;Gas 10-6;2022;diciembre;96;5;8;13;8;18;78;199;23;19;16;56;35;14;34;3;10;539
2097;Eléctrico 10-7;2022;diciembre;96;2;3;5;3;12;56;186;37;21;14;11;23;5;10;3;1;392
2098;No Clasificado 10-8;2022;diciembre;96;5;11;12;13;25;190;148;49;28;19;93;25;43;31;0;7;699
2099;Otros Servicios 10-9;2022;diciembre;96;4;22;65;38;77;280;231;286;76;236;147;488;165;339;9;32;2495
2100;Escombros 10-10;2022;diciembre;96;2;1;0;0;4;65;67;48;19;2;9;13;2;1;1;0;234
2101;Servicio Aéreo 10-11;2022;diciembre;96;0;0;0;0;0;0;2;1;0;0;1;0;2;0;0;0;6
2102;Apoyo a otros Cuerpos 10-12;2022;diciembre;96;0;3;0;1;4;224;635;271;47;11;64;46;36;6;0;0;1348
2103;Atentados Terroristas 10-13;2022;diciembre;96;0;0;0;0;1;0;2;0;0;0;1;0;0;0;0;0;4
2104;Accidentes Aéreos 10-14;2022;diciembre;96;0;0;0;0;0;0;1;0;0;0;0;1;0;0;0;0;2
2105;Simulacro 10-15;2022;diciembre;96;1;2;11;5;2;9;27;5;11;4;8;21;10;22;5;3;146
2106;Túnel 10-16;2022;diciembre;96;0;0;0;0;0;0;0;0;0;0;1;1;0;0;0;0;2
2107;Falsa Alarma 6-16;2022;diciembre;96;2;0;2;1;6;23;42;19;7;6;6;16;4;5;0;1;140
2108;Inundación 10-17;2022;diciembre;96;0;0;0;0;0;1;0;1;0;0;2;0;0;0;0;0;4
2109;Emergencia Marítima Portuaria 10-18;2022;diciembre;96;0;0;1;0;0;0;0;0;0;0;1;0;0;0;0;0;2
2110;Incendio 10-30;2022;diciembre;96;2;4;2;0;0;3;63;7;4;0;1;2;2;22;0;0;112
2111;Emergencia Metro de Santiago 10-19;2022;diciembre;96;0;0;0;0;0;0;2;0;0;0;0;0;0;0;0;0;2
2112;Estructural 10-0;2023;enero;97;7;34;47;15;44;157;413;114;100;59;140;113;53;105;14;26;1441
2113;Vehículos 10-1;2023;enero;97;4;15;10;12;17;39;219;20;28;12;52;21;16;21;1;6;493
2114;Pastizales y/o Basura 10-2;2023;enero;97;12;25;80;27;87;471;931;825;762;285;753;896;141;169;8;17;5489
2115;Rescate de Emergencia 10-3;2023;enero;97;6;19;26;12;41;200;807;126;57;60;184;93;75;85;7;4;1802
2116;Rescate Vehicular 10-4;2023;enero;97;14;43;75;52;64;334;616;253;219;126;236;154;94;151;25;15;2471
2117;Haz-Mat 10-5;2023;enero;97;0;1;9;0;5;29;49;26;17;10;35;28;7;29;2;4;251
2118;Gas 10-6;2023;enero;97;2;15;25;4;16;62;214;36;27;6;47;29;16;32;6;2;539
2119;Eléctrico 10-7;2023;enero;97;2;7;3;8;3;30;129;26;17;14;16;14;5;13;4;1;292
2120;No Clasificado 10-8;2023;enero;97;4;13;7;17;10;100;109;43;121;15;109;40;17;18;3;4;630
2121;Otros Servicios 10-9;2023;enero;97;3;23;49;42;66;412;245;407;103;225;164;426;148;408;28;18;2767
2122;Escombros 10-10;2023;enero;97;0;0;3;5;3;52;49;42;19;14;19;15;6;5;0;2;234
2123;Servicio Aéreo 10-11;2023;enero;97;0;0;0;0;0;0;0;2;0;0;0;0;0;0;0;0;2
2124;Apoyo a otros Cuerpos 10-12;2023;enero;97;0;5;1;1;9;80;399;292;115;68;36;79;45;13;0;0;1143
2125;Atentados Terroristas 10-13;2023;enero;97;0;0;0;0;0;1;0;0;0;0;0;0;3;0;0;0;4
2126;Accidentes Aéreos 10-14;2023;enero;97;0;0;1;0;0;0;1;0;0;0;0;0;0;0;0;0;2
2127;Simulacro 10-15;2023;enero;97;1;0;5;0;0;9;6;1;1;1;3;1;3;6;0;1;38
2128;Túnel 10-16;2023;enero;97;0;0;0;0;0;0;1;0;0;0;0;0;0;0;0;0;1
2129;Falsa Alarma 6-16;2023;enero;97;0;2;1;3;1;9;36;18;11;7;11;16;4;9;0;1;129
2130;Inundación 10-17;2023;enero;97;0;0;0;0;0;1;1;0;0;0;0;0;0;0;0;0;2
2131;Emergencia Marítima Portuaria 10-18;2023;enero;97;0;0;7;0;0;0;0;0;0;0;3;0;0;0;0;0;10
2132;Incendio 10-30;2023;enero;97;2;2;7;0;0;4;57;10;16;0;0;2;2;9;0;0;111
2133;Emergencia Metro de Santiago 10-19;2023;enero;97;0;0;0;0;0;0;1;0;0;0;0;0;0;0;0;0;1
2134;Estructural 10-0;2023;febrero;98;3;18;17;32;31;131;302;92;104;54;121;101;51;85;12;22;1176
2135;Vehículos 10-1;2023;febrero;98;5;7;8;7;14;41;208;12;24;10;32;22;11;10;4;3;418
2136;Pastizales y/o Basura 10-2;2023;febrero;98;23;16;45;19;71;333;746;541;696;656;1211;1365;233;203;5;12;6175
2137;Rescate de Emergencia 10-3;2023;febrero;98;7;12;36;15;31;169;755;70;48;22;99;103;62;79;10;2;1520
2138;Rescate Vehicular 10-4;2023;febrero;98;19;27;44;61;83;323;512;233;170;62;190;151;122;113;22;14;2146
2139;Haz-Mat 10-5;2023;febrero;98;1;0;5;1;4;20;34;23;13;3;17;20;6;26;0;1;174
2140;Gas 10-6;2023;febrero;98;6;11;16;7;22;64;182;25;22;10;30;14;23;29;5;7;473
2141;Eléctrico 10-7;2023;febrero;98;1;6;66;7;7;31;117;38;20;4;10;21;10;14;1;0;353
2142;No Clasificado 10-8;2023;febrero;98;1;7;14;9;11;82;83;36;78;24;142;23;12;25;5;5;557
2143;Otros Servicios 10-9;2023;febrero;98;1;15;78;42;47;221;214;380;66;134;89;369;132;338;23;19;2168
2144;Escombros 10-10;2023;febrero;98;0;0;0;1;2;21;40;27;26;41;57;64;15;5;3;0;302
2145;Servicio Aéreo 10-11;2023;febrero;98;0;0;0;0;0;0;0;0;0;0;0;0;4;2;0;0;6
2146;Apoyo a otros Cuerpos 10-12;2023;febrero;98;0;1;1;5;4;70;266;223;183;297;456;285;82;34;0;2;1909
2147;Atentados Terroristas 10-13;2023;febrero;98;0;0;0;0;0;0;0;0;0;1;0;2;0;1;0;0;4
2148;Accidentes Aéreos 10-14;2023;febrero;98;0;0;0;0;0;0;1;0;0;0;0;0;0;0;0;0;1
2149;Simulacro 10-15;2023;febrero;98;2;0;0;0;0;0;1;2;0;0;1;1;2;4;0;1;14
2150;Túnel 10-16;2023;febrero;98;0;0;0;0;0;0;1;0;0;0;1;0;0;0;0;0;2
2151;Falsa Alarma 6-16;2023;febrero;98;2;0;1;2;6;7;33;6;15;16;11;36;7;5;1;4;152
2152;Inundación 10-17;2023;febrero;98;0;0;0;0;0;1;1;0;1;0;1;0;0;2;0;0;6
2153;Emergencia Marítima Portuaria 10-18;2023;febrero;98;0;0;2;0;0;0;0;0;0;0;3;0;0;0;0;0;5
2154;Incendio 10-30;2023;febrero;98;1;3;2;0;0;2;48;3;5;0;0;16;2;10;0;0;92
2155;Emergencia Metro de Santiago 10-19;2023;febrero;98;0;0;0;0;0;0;3;0;0;0;0;0;0;0;0;0;3
2156;Estructural 10-0;2023;marzo;99;10;17;29;19;38;102;342;107;94;41;113;108;62;124;33;18;1257
2157;Vehículos 10-1;2023;marzo;99;4;12;12;7;15;30;231;16;18;11;29;27;8;17;6;3;446
2158;Pastizales y/o Basura 10-2;2023;marzo;99;13;13;41;34;70;322;700;501;451;121;408;680;84;72;4;11;3525
2159;Rescate de Emergencia 10-3;2023;marzo;99;7;12;23;10;21;153;892;97;60;47;162;80;47;76;7;1;1695
2160;Rescate Vehicular 10-4;2023;marzo;99;26;37;51;66;50;349;626;181;169;84;209;119;85;116;27;19;2214
2161;Haz-Mat 10-5;2023;marzo;99;0;0;10;3;4;36;56;32;21;1;28;16;11;32;1;0;251
2162;Gas 10-6;2023;marzo;99;9;21;21;30;19;70;200;34;34;9;61;46;24;45;2;9;634
2163;Eléctrico 10-7;2023;marzo;99;0;5;17;5;12;37;111;22;10;12;18;11;3;15;2;1;281
2164;No Clasificado 10-8;2023;marzo;99;2;5;5;14;4;67;84;48;77;27;92;29;17;22;7;3;503
2165;Otros Servicios 10-9;2023;marzo;99;0;23;57;71;67;185;260;325;83;171;167;358;112;360;17;16;2272
2166;Escombros 10-10;2023;marzo;99;0;0;1;0;7;35;23;21;9;6;9;18;5;3;0;1;138
2167;Servicio Aéreo 10-11;2023;marzo;99;0;0;0;0;0;0;1;0;0;1;0;0;1;0;0;0;3
2168;Apoyo a otros Cuerpos 10-12;2023;marzo;99;0;1;0;3;0;48;321;101;40;13;33;49;13;4;0;8;634
2169;Atentados Terroristas 10-13;2023;marzo;99;0;0;0;0;0;1;0;0;0;0;0;3;0;0;0;0;4
2170;Accidentes Aéreos 10-14;2023;marzo;99;0;0;0;0;0;0;1;0;0;0;0;0;0;0;0;0;1
2171;Simulacro 10-15;2023;marzo;99;0;0;4;1;1;1;7;1;2;0;2;7;2;6;0;0;34
2172;Túnel 10-16;2023;marzo;99;0;0;0;0;0;0;0;0;0;0;1;0;0;0;0;0;1
2173;Falsa Alarma 6-16;2023;marzo;99;1;2;2;4;4;6;28;7;5;2;4;20;5;5;0;2;97
2174;Inundación 10-17;2023;marzo;99;0;0;0;0;0;0;0;5;0;0;2;0;0;1;0;0;8
2175;Emergencia Marítima Portuaria 10-18;2023;marzo;99;0;0;0;0;0;0;0;0;0;0;7;0;0;0;0;0;7
2176;Incendio 10-30;2023;marzo;99;1;2;2;0;0;1;38;4;6;0;0;3;3;13;0;0;73
2177;Emergencia Metro de Santiago 10-19;2023;marzo;99;0;0;0;0;0;0;1;1;0;0;0;0;0;0;0;0;2
2178;Estructural 10-0;2023;abril;100;1;27;25;12;48;120;334;96;92;65;141;157;67;120;27;13;1345
2179;Vehículos 10-1;2023;abril;100;3;5;7;6;7;41;218;21;12;8;29;20;10;17;3;1;408
2180;Pastizales y/o Basura 10-2;2023;abril;100;15;23;39;34;77;239;585;371;504;291;216;357;30;55;4;4;2844
2181;Rescate de Emergencia 10-3;2023;abril;100;7;18;21;12;28;182;926;79;49;33;134;81;41;77;6;0;1694
2182;Rescate Vehicular 10-4;2023;abril;100;18;50;65;47;69;322;621;198;179;101;218;148;87;133;21;17;2294
2183;Haz-Mat 10-5;2023;abril;100;1;0;6;7;3;53;50;36;17;5;39;32;12;35;4;3;303
2184;Gas 10-6;2023;abril;100;6;17;19;22;16;67;208;38;45;13;73;54;20;36;1;9;644
2185;Eléctrico 10-7;2023;abril;100;0;9;23;6;7;50;270;36;15;15;24;17;11;25;2;2;512
2186;No Clasificado 10-8;2023;abril;100;5;7;15;9;11;84;75;63;105;36;114;24;20;50;2;6;626
2187;Otros Servicios 10-9;2023;abril;100;1;24;62;53;59;213;266;326;79;105;166;407;188;476;7;12;2444
2188;Escombros 10-10;2023;abril;100;0;0;0;1;3;18;27;12;7;4;7;12;2;4;3;0;100
2189;Servicio Aéreo 10-11;2023;abril;100;0;0;0;0;0;0;1;0;0;0;0;0;0;1;0;0;2
2190;Apoyo a otros Cuerpos 10-12;2023;abril;100;0;0;4;1;4;25;223;46;28;21;15;24;16;2;0;0;409
2191;Atentados Terroristas 10-13;2023;abril;100;0;0;0;0;0;0;1;0;0;0;0;0;3;0;0;0;4
2192;Accidentes Aéreos 10-14;2023;abril;100;0;0;0;0;0;0;0;0;0;0;0;0;0;0;1;0;1
2193;Simulacro 10-15;2023;abril;100;1;0;3;1;2;5;13;7;4;2;5;5;5;10;2;4;69
2194;Túnel 10-16;2023;abril;100;0;0;0;0;0;0;1;0;0;0;11;1;0;0;0;0;13
2195;Falsa Alarma 6-16;2023;abril;100;0;1;2;4;7;11;20;5;2;9;4;7;6;1;1;0;80
2196;Inundación 10-17;2023;abril;100;0;0;0;0;0;0;0;0;1;0;18;0;0;0;0;0;19
2197;Emergencia Marítima Portuaria 10-18;2023;abril;100;0;0;2;0;0;0;0;0;0;0;7;0;0;0;0;0;9
2198;Incendio 10-30;2023;abril;100;2;2;1;0;1;0;40;0;15;0;0;2;0;23;0;0;86
2199;Emergencia Metro de Santiago 10-19;2023;abril;100;0;0;0;0;0;0;1;0;0;0;0;0;0;0;0;0;1
2200;Estructural 10-0;2023;mayo;101;4;32;40;20;37;134;352;101;155;71;197;192;77;197;23;22;1654
2201;Vehículos 10-1;2023;mayo;101;6;4;9;7;7;29;228;14;21;14;22;23;15;12;4;4;419
2202;Pastizales y/o Basura 10-2;2023;mayo;101;9;18;47;26;72;246;445;186;193;139;142;97;12;24;2;0;1658
2203;Rescate de Emergencia 10-3;2023;mayo;101;4;19;17;10;31;147;1054;89;44;34;180;69;49;64;4;1;1816
2204;Rescate Vehicular 10-4;2023;mayo;101;20;42;58;50;51;303;554;247;152;88;229;117;107;130;25;18;2191
2205;Haz-Mat 10-5;2023;mayo;101;0;2;6;2;10;52;59;28;19;6;43;34;23;45;2;0;331
2206;Gas 10-6;2023;mayo;101;11;15;35;28;21;126;363;50;42;24;98;56;27;34;11;11;952
2207;Eléctrico 10-7;2023;mayo;101;0;4;8;7;15;53;258;43;13;22;31;7;14;32;2;5;514
2208;No Clasificado 10-8;2023;mayo;101;3;10;10;9;13;118;81;61;93;24;102;24;26;64;7;3;648
2209;Otros Servicios 10-9;2023;mayo;101;2;26;67;63;56;190;243;290;75;159;142;366;192;584;19;34;2508
2210;Escombros 10-10;2023;mayo;101;0;2;1;0;3;36;17;5;12;5;3;9;3;4;0;0;100
2211;Servicio Aéreo 10-11;2023;mayo;101;0;0;0;0;0;1;0;0;0;0;0;0;0;0;0;0;1
2212;Apoyo a otros Cuerpos 10-12;2023;mayo;101;0;0;2;2;0;66;256;22;17;8;20;12;4;3;0;0;412
2213;Atentados Terroristas 10-13;2023;mayo;101;0;0;0;0;0;0;0;1;0;0;0;0;1;0;0;0;2
2214;Accidentes Aéreos 10-14;2023;mayo;101;0;0;0;0;0;0;1;0;0;0;0;0;0;0;0;0;1
2215;Simulacro 10-15;2023;mayo;101;5;2;4;1;5;13;32;7;11;7;18;11;7;17;5;1;146
2216;Túnel 10-16;2023;mayo;101;0;0;0;0;0;0;0;0;0;0;7;0;0;0;0;0;7
2217;Falsa Alarma 6-16;2023;mayo;101;0;1;1;1;3;4;36;5;5;4;6;5;6;9;2;1;89
2218;Inundación 10-17;2023;mayo;101;0;0;0;0;0;0;0;1;0;1;16;0;0;0;0;0;18
2219;Emergencia Marítima Portuaria 10-18;2023;mayo;101;0;0;0;0;0;0;0;0;0;0;3;0;0;0;0;0;3
2220;Incendio 10-30;2023;mayo;101;1;2;2;0;0;2;27;1;4;0;0;1;2;22;0;0;64
2221;Emergencia Metro de Santiago 10-19;2023;mayo;101;0;0;0;0;0;0;2;0;0;0;0;0;0;0;0;0;2
2222;Estructural 10-0;2023;Junio;102;7;34;34;16;26;134;376;140;146;126;258;221;97;195;33;15;1858
2223;Vehículos 10-1;2023;Junio;102;5;9;4;9;11;30;184;8;20;8;28;10;10;14;2;1;353
2224;Pastizales y/o Basura 10-2;2023;Junio;102;8;12;48;21;85;170;311;83;32;20;28;19;4;34;0;0;875
2225;Rescate de Emergencia 10-3;2023;Junio;102;5;19;17;7;25;179;992;134;91;89;142;109;57;81;5;3;1955
2226;Rescate Vehicular 10-4;2023;Junio;102;20;32;53;38;63;270;560;147;145;89;199;143;92;120;26;17;2014
2227;Haz-Mat 10-5;2023;Junio;102;0;4;4;1;9;38;66;32;18;5;33;23;17;45;1;3;299
2228;Gas 10-6;2023;Junio;102;6;30;39;32;32;125;439;70;47;21;98;53;35;47;14;11;1099
2229;Eléctrico 10-7;2023;Junio;102;3;2;8;8;9;55;474;46;18;17;26;16;13;22;1;3;721
2230;No Clasificado 10-8;2023;Junio;102;5;9;13;14;14;139;133;138;238;96;176;27;13;57;13;2;1087
2231;Otros Servicios 10-9;2023;Junio;102;4;33;71;47;58;278;446;720;212;246;243;447;263;414;11;23;3516
2232;Escombros 10-10;2023;Junio;102;0;0;5;0;2;31;12;3;6;1;9;8;1;2;0;0;80
2233;Servicio Aéreo 10-11;2023;Junio;102;0;0;0;0;0;0;0;0;0;1;0;0;0;0;0;0;1
2234;Apoyo a otros Cuerpos 10-12;2023;Junio;102;0;0;0;0;1;43;239;70;47;12;32;34;14;4;0;0;496
2235;Atentados Terroristas 10-13;2023;Junio;102;0;0;0;0;0;0;0;0;1;0;0;1;0;0;0;0;2
2236;Accidentes Aéreos 10-14;2023;Junio;102;0;0;0;0;0;0;0;0;0;0;0;1;1;0;0;0;2
2237;Simulacro 10-15;2023;Junio;102;4;1;7;2;5;8;14;3;13;8;14;25;7;11;5;4;131
2238;Túnel 10-16;2023;Junio;102;0;0;0;0;0;0;2;0;0;0;5;0;0;0;0;0;7
2239;Falsa Alarma 6-16;2023;Junio;102;0;0;1;1;10;3;39;3;7;3;4;4;3;5;1;2;86
2240;Inundación 10-17;2023;Junio;102;0;0;0;0;0;1;2;5;18;23;64;9;1;2;0;0;125
2241;Emergencia Marítima Portuaria 10-18;2023;Junio;102;0;0;5;0;0;0;0;0;0;0;5;0;0;0;0;0;10
2242;Incendio 10-30;2023;Junio;102;0;2;2;0;1;2;45;0;14;0;0;0;2;17;0;0;85
2243;Emergencia Metro de Santiago 10-19;2023;Junio;102;0;0;0;0;0;0;2;0;0;0;0;0;0;0;0;0;2
2244;Estructural 10-0;2023;Julio;103;2;33;34;14;25;138;363;92;123;115;219;214;86;216;37;27;1738
2245;Vehículos 10-1;2023;Julio;103;2;15;14;9;20;43;214;17;19;5;31;21;4;19;2;3;438
2246;Pastizales y/o Basura 10-2;2023;Julio;103;10;6;38;44;54;131;249;72;13;5;19;3;2;33;2;1;682
2247;Rescate de Emergencia 10-3;2023;Julio;103;3;22;15;14;31;148;935;99;43;33;151;84;44;82;6;1;1711
2248;Rescate Vehicular 10-4;2023;Julio;103;17;39;58;44;72;260;525;177;155;81;228;140;91;134;29;18;2068
2249;Haz-Mat 10-5;2023;Julio;103;0;0;7;7;2;36;44;26;3;4;25;23;14;37;2;4;234
2250;Gas 10-6;2023;Julio;103;1;15;14;14;30;131;398;65;33;31;98;43;29;53;7;15;977
2251;Eléctrico 10-7;2023;Julio;103;1;5;4;2;9;35;306;27;18;11;26;9;5;29;4;1;492
2252;No Clasificado 10-8;2023;Julio;103;4;8;9;12;19;117;91;82;112;29;94;17;15;48;3;9;669
2253;Otros Servicios 10-9;2023;Julio;103;5;54;42;57;65;268;268;398;95;127;115;471;150;350;16;29;2510
2254;Escombros 10-10;2023;Julio;103;0;0;1;1;1;16;11;2;5;3;5;4;2;0;1;0;52
2255;Servicio Aéreo 10-11;2023;Julio;103;0;0;1;0;0;0;1;0;0;1;0;0;0;0;0;0;3
2256;Apoyo a otros Cuerpos 10-12;2023;Julio;103;1;9;3;7;3;22;194;58;17;5;18;33;9;4;0;0;383
2257;Atentados Terroristas 10-13;2023;Julio;103;0;0;0;0;0;0;0;0;0;0;0;3;1;0;0;0;4
2258;Accidentes Aéreos 10-14;2023;Julio;103;0;0;0;0;0;0;1;0;0;0;0;0;0;0;0;0;1
2259;Simulacro 10-15;2023;Julio;103;3;1;8;1;3;4;12;2;4;2;4;9;4;7;0;0;64
2260;Túnel 10-16;2023;Julio;103;0;0;0;0;0;0;2;0;0;0;1;0;0;0;0;0;3
2261;Falsa Alarma 6-16;2023;Julio;103;0;2;2;0;8;6;31;5;2;1;5;6;3;6;0;3;80
2262;Inundación 10-17;2023;Julio;103;0;0;0;0;0;1;0;3;2;0;24;1;2;0;0;0;33
2263;Emergencia Marítima Portuaria 10-18;2023;Julio;103;0;0;0;0;0;0;0;0;0;0;2;0;0;0;0;0;2
2264;Incendio 10-30;2023;Julio;103;0;1;3;0;2;5;31;0;1;0;0;1;5;13;0;0;62
2265;Emergencia Metro de Santiago 10-19;2023;Julio;103;0;0;0;0;0;0;1;0;0;0;0;0;0;0;0;0;1
2266;Estructural 10-0;2023;Agosto;104;4;50;24;22;38;144;358;117;118;85;251;247;106;209;37;26;1836
2267;Vehículos 10-1;2023;Agosto;104;3;9;19;4;13;45;218;23;21;9;28;16;11;20;0;4;443
2268;Pastizales y/o Basura 10-2;2023;Agosto;104;12;21;58;39;81;124;287;102;31;18;37;17;8;37;1;4;877
2269;Rescate de Emergencia 10-3;2023;Agosto;104;5;30;20;11;24;177;1025;168;89;81;158;98;32;81;2;4;2005
2270;Rescate Vehicular 10-4;2023;Agosto;104;26;62;60;43;74;309;537;181;114;89;251;125;89;141;12;15;2128
2271;Haz-Mat 10-5;2023;Agosto;104;0;2;13;4;5;36;60;22;12;3;29;24;20;34;1;2;267
2272;Gas 10-6;2023;Agosto;104;8;12;17;20;35;133;311;55;33;22;103;54;25;69;4;12;913
2273;Eléctrico 10-7;2023;Agosto;104;1;8;9;3;2;25;280;64;8;14;27;13;12;26;2;2;496
2274;No Clasificado 10-8;2023;Agosto;104;3;7;10;6;8;172;206;422;364;73;121;17;14;30;2;12;1467
2275;Otros Servicios 10-9;2023;Agosto;104;3;22;49;42;48;310;659;1562;432;217;178;485;141;356;11;29;4544
2276;Escombros 10-10;2023;Agosto;104;2;2;3;1;8;29;12;8;5;3;0;7;1;2;0;0;83
2277;Servicio Aéreo 10-11;2023;Agosto;104;0;0;0;0;0;0;0;0;0;0;0;0;0;0;0;0;0
2278;Apoyo a otros Cuerpos 10-12;2023;Agosto;104;0;0;1;0;1;20;211;49;23;4;16;25;6;5;0;0;361
2279;Atentados Terroristas 10-13;2023;Agosto;104;0;0;0;0;1;0;0;0;0;0;1;0;1;3;0;0;6
2280;Accidentes Aéreos 10-14;2023;Agosto;104;0;0;1;0;0;1;0;1;0;0;0;0;0;0;0;0;3
2281;Simulacro 10-15;2023;Agosto;104;2;0;11;1;3;14;16;6;1;2;8;7;10;8;1;3;93
2282;Túnel 10-16;2023;Agosto;104;0;0;0;0;0;1;0;0;0;0;2;1;0;0;0;0;4
2283;Falsa Alarma 6-16;2023;Agosto;104;0;3;1;0;5;12;21;15;5;7;1;6;2;8;1;2;89
2284;Inundación 10-17;2023;Agosto;104;0;0;0;0;0;8;0;17;82;8;60;1;0;2;0;0;178
2285;Emergencia Marítima Portuaria 10-18;2023;Agosto;104;0;0;0;0;0;0;0;0;0;0;2;0;0;0;0;0;2
2286;Incendio 10-30;2023;Agosto;104;2;2;4;0;0;3;31;0;0;0;0;1;3;18;0;0;64
2287;Emergencia Metro de Santiago 10-19;2023;Agosto;104;0;0;0;0;0;0;1;0;0;0;0;0;0;0;0;0;1
2288;Estructural 10-0;2023;septiembre;105;6;19;28;20;34;126;300;136;93;62;236;195;78;222;21;25;1601
2289;Vehículos 10-1;2023;septiembre;105;2;10;13;6;15;33;191;14;14;16;27;20;6;16;2;2;387
2290;Pastizales y/o Basura 10-2;2023;septiembre;105;11;18;55;35;83;131;289;97;44;15;42;35;14;52;1;0;922
2291;Rescate de Emergencia 10-3;2023;septiembre;105;4;13;18;14;23;163;1035;98;39;46;161;107;53;92;5;1;1872
2292;Rescate Vehicular 10-4;2023;septiembre;105;23;50;55;40;53;274;523;151;114;79;225;126;81;165;14;14;1987
2293;Haz-Mat 10-5;2023;septiembre;105;1;2;10;3;2;26;38;16;8;7;26;26;14;26;1;3;209
2294;Gas 10-6;2023;septiembre;105;4;14;23;14;19;99;259;44;30;25;74;51;22;58;5;13;754
2295;Eléctrico 10-7;2023;septiembre;105;2;4;5;6;4;29;200;29;15;10;19;7;6;20;2;2;360
2296;No Clasificado 10-8;2023;septiembre;105;2;9;12;10;4;95;116;81;117;42;105;29;17;22;1;6;668
2297;Otros Servicios 10-9;2023;septiembre;105;3;31;34;68;78;300;373;455;110;171;158;531;152;387;6;34;2891
2298;Escombros 10-10;2023;septiembre;105;1;0;0;0;6;30;11;3;2;0;10;9;4;4;0;0;80
2299;Servicio Aéreo 10-11;2023;septiembre;105;0;0;0;0;0;0;1;0;0;0;0;0;0;0;0;1;2
2300;Apoyo a otros Cuerpos 10-12;2023;septiembre;105;0;0;0;2;1;29;206;21;9;5;14;25;15;12;1;0;340
2301;Atentados Terroristas 10-13;2023;septiembre;105;0;0;0;0;0;0;0;0;0;0;0;2;1;2;0;0;5
2302;Accidentes Aéreos 10-14;2023;septiembre;105;0;0;0;0;0;0;0;0;0;0;0;0;0;0;0;0;0
2303;Simulacro 10-15;2023;septiembre;105;2;0;5;1;1;4;6;10;5;5;5;23;15;11;3;1;97
2304;Túnel 10-16;2023;septiembre;105;0;0;0;0;0;0;1;0;0;0;3;0;0;0;0;0;4
2305;Falsa Alarma 6-16;2023;septiembre;105;0;3;6;2;2;6;22;12;5;1;4;6;4;8;2;4;87
2306;Inundación 10-17;2023;septiembre;105;0;0;3;0;0;1;11;0;14;5;28;23;5;2;0;0;92
2307;Emergencia Marítima Portuaria 10-18;2023;septiembre;105;0;0;0;0;0;0;0;0;0;0;1;0;0;0;0;0;1
2308;Incendio 10-30;2023;septiembre;105;1;2;3;0;2;2;33;0;0;0;0;2;1;16;0;0;62
2309;Emergencia Metro de Santiago 10-19;2023;septiembre;105;0;0;0;0;0;0;2;0;0;0;0;0;0;0;0;0;2
2310;Estructural 10-0;2023;octubre;106;4;49;28;14;28;110;320;122;99;85;199;176;74;196;27;8;1539
2311;Vehículos 10-1;2023;octubre;106;2;7;9;11;14;31;197;22;11;11;33;22;14;15;1;7;407
2312;Pastizales y/o Basura 10-2;2023;octubre;106;16;22;43;42;95;200;464;241;164;104;213;274;38;111;4;4;2035
2313;Rescate de Emergencia 10-3;2023;octubre;106;5;15;33;15;24;182;1041;93;39;47;153;102;42;64;10;3;1868
2314;Rescate Vehicular 10-4;2023;octubre;106;18;41;63;34;62;258;547;152;123;70;247;107;86;120;29;11;1968
2315;Haz-Mat 10-5;2023;octubre;106;1;1;5;5;10;37;47;29;11;4;33;37;8;35;2;3;268
2316;Gas 10-6;2023;octubre;106;6;19;19;8;27;91;256;46;33;16;73;52;26;51;6;12;741
2317;Eléctrico 10-7;2023;octubre;106;2;3;11;9;2;26;130;38;10;15;19;11;9;11;1;3;300
2318;No Clasificado 10-8;2023;octubre;106;1;5;25;8;8;105;92;94;123;25;109;33;45;24;5;8;710
2319;Otros Servicios 10-9;2023;octubre;106;4;43;60;61;44;352;348;506;70;193;146;537;211;314;6;27;2922
2320;Escombros 10-10;2023;octubre;106;0;2;0;1;6;27;37;1;1;0;5;7;9;2;2;0;100
2321;Servicio Aéreo 10-11;2023;octubre;106;0;0;0;0;0;0;1;0;0;0;0;0;0;0;0;0;1
2322;Apoyo a otros Cuerpos 10-12;2023;octubre;106;0;2;3;9;8;53;307;36;5;4;23;18;6;5;0;0;479
2323;Atentados Terroristas 10-13;2023;octubre;106;0;0;0;0;0;1;1;0;0;0;0;2;0;0;0;0;4
2324;Accidentes Aéreos 10-14;2023;octubre;106;0;0;0;0;0;0;1;0;0;0;0;0;0;0;0;0;1
2325;Simulacro 10-15;2023;octubre;106;1;5;7;5;5;19;34;5;14;3;17;31;16;14;3;3;182
2326;Túnel 10-16;2023;octubre;106;0;0;0;0;0;0;0;0;0;0;1;0;0;0;0;0;1
2327;Falsa Alarma 6-16;2023;octubre;106;0;4;4;2;7;7;22;8;4;3;5;11;2;11;2;1;93
2328;Inundación 10-17;2023;octubre;106;0;0;0;0;0;0;3;1;0;3;2;2;0;1;0;0;12
2329;Emergencia Marítima Portuaria 10-18;2023;octubre;106;0;0;0;0;0;0;0;0;0;0;1;0;0;0;0;0;1
2330;Incendio 10-30;2023;octubre;106;1;3;3;1;1;6;52;1;2;0;0;3;1;14;0;0;88
2331;Emergencia Metro de Santiago 10-19;2023;octubre;106;0;0;0;0;0;0;3;1;0;0;0;0;0;0;0;0;4
2332;Estructural 10-0;2023;Noviembre;107;11;14;34;21;26;131;353;98;70;56;149;132;75;143;20;17;1350
2333;Vehículos 10-1;2023;Noviembre;107;1;5;9;6;14;32;224;15;10;16;29;11;8;16;5;10;411
2334;Pastizales y/o Basura 10-2;2023;Noviembre;107;13;15;44;28;87;306;713;254;96;45;120;86;19;60;5;7;1898
2335;Rescate de Emergencia 10-3;2023;Noviembre;107;4;14;23;11;24;206;1039;115;31;38;178;86;53;64;2;5;1893
2336;Rescate Vehicular 10-4;2023;Noviembre;107;18;26;59;20;52;247;474;156;113;87;214;93;76;121;17;16;1789
2337;Haz-Mat 10-5;2023;Noviembre;107;2;2;6;1;7;28;47;23;11;8;29;29;6;47;2;0;248
2338;Gas 10-6;2023;Noviembre;107;6;15;14;9;28;101;220;39;27;15;81;34;29;51;4;10;683
2339;Eléctrico 10-7;2023;Noviembre;107;1;1;4;5;9;45;158;26;6;10;19;11;9;19;0;1;324
2340;No Clasificado 10-8;2023;Noviembre;107;6;7;29;5;10;105;84;77;78;37;92;21;20;16;2;2;591
2341;Otros Servicios 10-9;2023;Noviembre;107;1;21;60;48;50;270;384;513;90;188;144;466;195;321;9;32;2792
2342;Escombros 10-10;2023;Noviembre;107;0;4;6;5;9;33;19;6;7;1;9;6;1;2;0;1;109
2343;Servicio Aéreo 10-11;2023;Noviembre;107;0;0;0;0;0;0;1;1;0;0;0;0;0;0;0;0;2
2344;Apoyo a otros Cuerpos 10-12;2023;Noviembre;107;0;3;1;0;4;38;228;147;6;5;18;26;10;13;0;0;499
2345;Atentados Terroristas 10-13;2023;Noviembre;107;0;0;0;0;0;2;1;1;0;0;2;1;0;0;0;0;7
2346;Accidentes Aéreos 10-14;2023;Noviembre;107;0;0;0;0;0;1;1;0;0;0;0;0;0;1;0;0;3
2347;Simulacro 10-15;2023;Noviembre;107;4;1;13;2;7;16;49;8;14;11;33;31;21;39;4;7;260
2348;Túnel 10-16;2023;Noviembre;107;0;0;0;0;0;0;1;0;0;0;0;0;0;0;0;0;1
2349;Falsa Alarma 6-16;2023;Noviembre;107;0;1;2;3;4;8;36;3;4;0;1;2;2;11;0;3;80
2350;Inundación 10-17;2023;Noviembre;107;0;0;0;0;0;0;0;2;0;0;3;0;0;0;0;0;5
2351;Emergencia Marítima Portuaria 10-18;2023;Noviembre;107;0;0;1;0;0;0;0;0;0;0;2;0;0;0;0;0;3
2352;Incendio 10-30;2023;Noviembre;107;0;3;4;0;0;6;49;0;2;0;0;4;3;11;0;0;82
2353;Emergencia Metro de Santiago 10-19;2023;Noviembre;107;0;0;0;0;0;0;3;0;0;0;0;0;0;0;0;0;3
2354;Estructural 10-0;2023;diciembre;108;5;24;24;29;43;142;365;125;87;37;150;126;56;143;12;26;1394
2355;Vehículos 10-1;2023;diciembre;108;3;8;7;10;13;53;286;27;20;7;39;14;8;16;4;5;520
2356;Pastizales y/o Basura 10-2;2023;diciembre;108;13;29;48;40;117;569;1163;491;242;108;344;200;38;111;2;7;3522
2357;Rescate de Emergencia 10-3;2023;diciembre;108;5;15;27;9;37;153;1128;142;45;55;162;109;37;92;5;4;2025
2358;Rescate Vehicular 10-4;2023;diciembre;108;22;45;62;32;78;288;635;226;149;65;227;145;74;124;19;15;2206
2359;Haz-Mat 10-5;2023;diciembre;108;0;0;2;4;4;27;50;19;8;4;42;19;8;45;4;1;237
2360;Gas 10-6;2023;diciembre;108;12;8;20;13;19;67;219;42;26;18;73;30;9;33;2;6;597
2361;Eléctrico 10-7;2023;diciembre;108;1;3;10;5;9;45;159;37;7;12;17;8;5;7;0;4;329
2362;No Clasificado 10-8;2023;diciembre;108;3;9;15;3;24;102;90;65;77;21;86;24;32;19;4;10;584
2363;Otros Servicios 10-9;2023;diciembre;108;2;57;68;27;45;347;376;410;82;223;170;453;199;386;7;23;2875
2364;Escombros 10-10;2023;diciembre;108;0;2;2;0;15;49;41;14;16;2;6;4;0;4;0;0;155
2365;Servicio Aéreo 10-11;2023;diciembre;108;0;0;0;0;0;0;3;0;0;3;0;0;0;0;0;0;6
2366;Apoyo a otros Cuerpos 10-12;2023;diciembre;108;0;0;0;0;9;111;419;178;31;4;23;29;10;9;0;0;823
2367;Atentados Terroristas 10-13;2023;diciembre;108;0;0;0;0;0;0;0;0;1;0;2;0;1;1;0;0;5
2368;Accidentes Aéreos 10-14;2023;diciembre;108;0;0;0;0;0;0;1;1;0;0;0;0;0;0;0;0;2
2369;Simulacro 10-15;2023;diciembre;108;3;1;7;2;1;10;27;4;8;18;19;20;9;17;3;4;153
2370;Túnel 10-16;2023;diciembre;108;0;0;0;0;0;0;0;0;0;0;0;1;0;0;0;0;1
2371;Falsa Alarma 6-16;2023;diciembre;108;1;4;3;1;4;17;48;17;6;4;5;4;1;8;3;1;127
2372;Inundación 10-17;2023;diciembre;108;0;0;0;0;0;1;0;0;0;0;1;0;0;3;0;0;5
2373;Emergencia Marítima Portuaria 10-18;2023;diciembre;108;0;0;5;0;0;0;0;0;0;0;2;0;0;0;0;0;7
2374;Incendio 10-30;2023;diciembre;108;0;1;4;0;5;9;74;4;3;0;0;1;0;11;0;0;112
2375;Emergencia Metro de Santiago 10-19;2023;diciembre;108;0;0;0;0;0;0;2;0;0;0;0;0;0;0;0;0;2
2376;Estructural 10-0;2024;enero;109;7;23;46;14;61;157;384;119;105;53;170;92;28;146;12;23;1440
2377;Vehículos 10-1;2024;enero;109;3;15;11;14;22;43;235;31;34;13;37;33;16;36;6;5;554
2378;Pastizales y/o Basura 10-2;2024;enero;109;18;35;60;54;131;616;1133;648;567;226;686;515;110;222;10;18;5049
2379;Rescate de Emergencia 10-3;2024;enero;109;5;14;19;14;36;216;1065;136;64;51;201;114;69;107;8;6;2125
2380;Rescate Vehicular 10-4;2024;enero;109;20;80;73;43;90;341;560;195;164;90;254;140;97;177;27;18;2369
2381;Haz-Mat 10-5;2024;enero;109;0;3;9;3;10;27;58;27;12;10;31;23;12;22;3;0;250
2382;Gas 10-6;2024;enero;109;6;22;23;7;16;71;215;39;29;27;78;29;21;39;3;8;633
2383;Eléctrico 10-7;2024;enero;109;1;7;9;5;4;56;174;44;11;9;22;17;10;15;1;2;387
2384;No Clasificado 10-8;2024;enero;109;1;7;21;5;26;122;95;81;101;21;108;23;14;22;4;6;657
2385;Otros Servicios 10-9;2024;enero;109;2;54;57;48;62;337;280;510;125;181;201;626;209;498;26;27;3243
2386;Escombros 10-10;2024;enero;109;0;3;3;1;9;60;89;14;11;6;21;18;6;5;0;1;247
2387;Servicio Aéreo 10-11;2024;enero;109;0;0;0;0;0;0;0;0;0;0;0;1;0;0;0;0;1
2388;Apoyo a otros Cuerpos 10-12;2024;enero;109;0;3;0;4;5;130;420;258;52;14;37;51;15;43;0;1;1033
2389;Atentados Terroristas 10-13;2024;enero;109;0;0;1;0;0;0;1;0;1;0;0;1;0;2;0;0;6
2390;Accidentes Aéreos 10-14;2024;enero;109;0;0;1;0;1;0;0;0;1;0;0;0;0;0;0;0;3
2391;Simulacro 10-15;2024;enero;109;1;0;2;1;1;6;6;3;2;0;6;8;5;3;0;0;44
2392;Túnel 10-16;2024;enero;109;0;0;0;0;0;1;5;0;0;1;0;0;0;0;0;0;7
2393;Falsa Alarma 6-16;2024;enero;109;2;1;3;0;10;12;49;13;12;8;9;14;5;12;3;2;155
2394;Inundación 10-17;2024;enero;109;0;0;0;0;0;1;0;0;0;0;1;0;0;0;0;0;2
2395;Emergencia Marítima Portuaria 10-18;2024;enero;109;0;0;2;0;0;0;0;0;0;0;1;0;0;0;0;0;3
2396;Incendio 10-30;2024;enero;109;1;3;3;0;2;8;71;6;16;0;0;3;2;49;0;0;164
2397;Emergencia Metro de Santiago 10-19;2024;enero;109;0;0;0;0;0;0;0;0;0;0;0;0;0;0;0;0;0
2398;Estructural 10-0;2024;febrero;110;8;47;33;12;47;156;300;75;95;46;153;100;57;99;16;16;1260
2399;Vehículos 10-1;2024;febrero;110;4;15;10;9;9;34;183;21;27;15;33;23;11;23;5;7;429
2400;Pastizales y/o Basura 10-2;2024;febrero;110;18;27;47;22;100;491;824;454;462;208;609;693;126;284;12;1;4378
2401;Rescate de Emergencia 10-3;2024;febrero;110;5;15;27;19;39;183;907;120;55;53;151;128;90;90;5;5;1892
2402;Rescate Vehicular 10-4;2024;febrero;110;22;39;58;30;79;335;479;238;183;84;253;161;108;137;28;8;2242
2403;Haz-Mat 10-5;2024;febrero;110;0;0;4;2;7;22;55;30;5;6;43;21;9;45;5;2;256
2404;Gas 10-6;2024;febrero;110;7;11;20;6;19;73;193;34;29;15;67;31;17;35;3;10;570
2405;Eléctrico 10-7;2024;febrero;110;2;7;12;6;7;60;223;41;14;19;14;19;10;19;0;0;453
2406;No Clasificado 10-8;2024;febrero;110;3;5;15;3;13;115;105;72;81;23;78;37;22;30;4;5;611
2407;Otros Servicios 10-9;2024;febrero;110;3;55;45;50;54;245;221;437;84;176;183;627;160;400;16;22;2778
2408;Escombros 10-10;2024;febrero;110;2;2;0;2;2;79;55;24;24;6;14;18;5;9;0;3;245
2409;Servicio Aéreo 10-11;2024;febrero;110;0;0;0;0;0;0;0;1;0;0;0;0;0;1;0;2;4
2410;Apoyo a otros Cuerpos 10-12;2024;febrero;110;0;1;0;4;7;180;398;226;96;19;38;125;19;87;0;0;1200
2411;Atentados Terroristas 10-13;2024;febrero;110;0;0;0;0;0;3;1;1;1;0;1;0;0;0;0;0;7
2412;Accidentes Aéreos 10-14;2024;febrero;110;0;0;0;0;0;0;0;0;1;0;0;1;1;0;0;0;3
2413;Simulacro 10-15;2024;febrero;110;0;0;3;1;0;3;0;0;0;0;1;2;7;3;0;0;20
2414;Túnel 10-16;2024;febrero;110;0;0;0;0;0;0;3;0;0;0;2;0;0;0;0;0;5
2415;Falsa Alarma 6-16;2024;febrero;110;0;1;1;1;4;21;45;18;13;6;6;20;6;16;0;0;158
2416;Inundación 10-17;2024;febrero;110;0;0;1;0;0;0;0;0;3;0;0;0;0;0;0;0;4
2417;Emergencia Marítima Portuaria 10-18;2024;febrero;110;0;0;3;0;0;0;0;0;0;0;8;0;0;0;0;0;11
2418;Incendio 10-30;2024;febrero;110;3;0;3;0;0;7;48;2;7;0;0;8;1;25;0;0;104
2419;Emergencia Metro de Santiago 10-19;2024;febrero;110;0;0;0;0;0;0;2;0;0;0;0;0;0;0;0;0;2
2420;Estructural 10-0;2024;marzo;111;7;19;42;15;39;129;360;122;81;42;162;124;73;124;20;17;1376
2421;Vehículos 10-1;2024;marzo;111;4;8;9;5;16;37;216;28;26;15;37;20;18;20;4;3;466
2422;Pastizales y/o Basura 10-2;2024;marzo;111;11;24;55;31;68;338;743;391;397;171;407;665;108;144;2;4;3559
2423;Rescate de Emergencia 10-3;2024;marzo;111;9;15;28;8;33;175;1091;123;51;42;182;97;65;92;6;1;2018
2424;Rescate Vehicular 10-4;2024;marzo;111;25;35;77;27;62;297;656;209;141;107;279;141;107;144;29;14;2350
2425;Haz-Mat 10-5;2024;marzo;111;1;0;10;7;11;42;72;29;11;7;35;26;22;35;4;3;315
2426;Gas 10-6;2024;marzo;111;7;23;32;19;21;72;263;46;36;25;80;39;26;45;6;10;750
2427;Eléctrico 10-7;2024;marzo;111;0;8;17;5;10;32;129;35;11;8;19;12;8;21;4;0;319
2428;No Clasificado 10-8;2024;marzo;111;7;4;13;12;14;104;92;59;93;15;123;31;23;32;4;0;626
2429;Otros Servicios 10-9;2024;marzo;111;3;48;63;53;45;311;217;465;92;197;185;518;157;319;24;17;2714
2430;Escombros 10-10;2024;marzo;111;0;5;1;0;4;30;41;13;15;3;10;23;5;5;1;0;156
2431;Servicio Aéreo 10-11;2024;marzo;111;0;0;0;0;0;0;1;0;0;0;0;0;0;0;0;1;2
2432;Apoyo a otros Cuerpos 10-12;2024;marzo;111;0;0;0;0;3;43;244;68;39;18;31;102;17;21;0;0;586
2433;Atentados Terroristas 10-13;2024;marzo;111;0;0;0;0;0;0;1;0;0;0;0;0;1;0;0;0;2
2434;Accidentes Aéreos 10-14;2024;marzo;111;0;0;0;0;0;0;0;1;0;0;0;0;0;0;0;0;1
2435;Simulacro 10-15;2024;marzo;111;0;0;0;0;0;3;3;6;2;1;3;4;2;4;0;0;28
2436;Túnel 10-16;2024;marzo;111;0;0;0;0;0;0;2;0;0;0;1;0;0;0;0;0;3
2437;Falsa Alarma 6-16;2024;marzo;111;2;0;1;0;3;9;33;9;2;6;5;21;2;10;0;0;103
2438;Inundación 10-17;2024;marzo;111;0;0;0;0;0;0;1;1;0;0;2;0;0;2;0;0;6
2439;Emergencia Marítima Portuaria 10-18;2024;marzo;111;0;0;3;0;0;0;0;0;0;0;7;0;0;0;0;0;10
2440;Incendio 10-30;2024;marzo;111;0;1;3;0;1;2;56;3;9;0;1;6;3;23;0;0;108
2441;Emergencia Metro de Santiago 10-19;2024;marzo;111;0;0;0;0;1;0;2;0;0;0;0;0;0;0;0;0;3
2442;Estructural 10-0;2024;abril;112;5;31;38;23;41;110;299;121;151;72;187;133;74;178;22;16;1501
2443;Vehículos 10-1;2024;abril;112;7;14;9;4;10;38;224;20;23;15;32;19;5;12;4;3;439
2444;Pastizales y/o Basura 10-2;2024;abril;112;13;19;53;23;87;289;615;311;294;228;178;198;45;79;4;2;2438
2445;Rescate de Emergencia 10-3;2024;abril;112;5;20;25;9;25;146;1139;99;59;52;144;72;60;78;2;3;1938
2446;Rescate Vehicular 10-4;2024;abril;112;19;60;53;26;45;285;581;207;164;83;250;118;95;128;17;11;2142
2447;Haz-Mat 10-5;2024;abril;112;2;5;5;7;12;39;65;28;12;11;29;25;18;49;1;3;311
2448;Gas 10-6;2024;abril;112;10;30;49;24;28;97;297;41;34;13;96;50;26;42;4;14;855
2449;Eléctrico 10-7;2024;abril;112;2;13;10;8;11;49;148;25;24;14;32;17;14;33;2;2;404
2450;No Clasificado 10-8;2024;abril;112;2;8;9;10;12;94;90;82;140;50;159;32;25;65;3;4;785
2451;Otros Servicios 10-9;2024;abril;112;1;34;66;54;68;319;264;473;106;251;195;678;177;524;18;19;3247
2452;Escombros 10-10;2024;abril;112;0;0;4;2;3;23;27;8;7;4;10;6;2;8;0;0;104
2453;Servicio Aéreo 10-11;2024;abril;112;0;0;0;0;0;0;0;0;0;0;0;0;0;0;0;0;0
2454;Apoyo a otros Cuerpos 10-12;2024;abril;112;0;0;2;2;2;16;294;45;20;8;19;9;16;11;0;0;444
2455;Atentados Terroristas 10-13;2024;abril;112;0;0;0;0;1;3;0;0;0;0;0;1;0;0;0;0;5
2456;Accidentes Aéreos 10-14;2024;abril;112;0;0;0;0;0;0;0;0;0;0;0;0;0;0;0;0;0
2457;Simulacro 10-15;2024;abril;112;0;1;2;1;0;6;11;5;7;0;5;11;11;5;1;0;66
2458;Túnel 10-16;2024;abril;112;0;0;0;0;1;0;0;0;0;0;2;0;0;1;0;0;4
2459;Falsa Alarma 6-16;2024;abril;112;0;2;2;2;2;7;38;10;6;2;3;3;3;19;2;0;101
2460;Inundación 10-17;2024;abril;112;0;0;0;1;0;1;0;0;0;0;12;4;0;0;0;0;18
2461;Emergencia Marítima Portuaria 10-18;2024;abril;112;0;0;0;0;0;0;1;0;0;0;2;0;0;1;0;0;4
2462;Incendio 10-30;2024;abril;112;0;2;3;0;0;6;49;3;2;0;0;1;3;21;0;0;90
2463;Emergencia Metro de Santiago 10-19;2024;abril;112;0;0;0;0;0;0;0;0;0;0;0;0;0;0;0;0;0
2464;Estructural 10-0;2024;mayo;113;3;33;20;21;42;192;463;135;198;128;317;219;95;204;36;20;2126
2465;Vehículos 10-1;2024;mayo;113;1;5;9;3;7;37;224;20;15;6;28;18;7;15;3;8;406
2466;Pastizales y/o Basura 10-2;2024;mayo;113;10;21;39;15;71;196;341;158;84;37;40;16;15;64;1;2;1110
2467;Rescate de Emergencia 10-3;2024;mayo;113;5;30;32;7;20;186;1179;106;40;45;151;95;55;81;4;2;2038
2468;Rescate Vehicular 10-4;2024;mayo;113;25;24;27;24;71;338;613;175;152;99;243;119;80;134;24;19;2167
2469;Haz-Mat 10-5;2024;mayo;113;0;0;8;1;14;55;59;26;11;10;30;40;7;37;3;2;303
2470;Gas 10-6;2024;mayo;113;7;27;35;13;59;144;424;56;46;22;113;75;32;43;5;29;1130
2471;Eléctrico 10-7;2024;mayo;113;6;11;13;8;23;99;548;47;22;18;46;29;14;36;5;1;926
2472;No Clasificado 10-8;2024;mayo;113;4;7;11;11;22;187;169;73;112;28;131;33;21;25;2;3;839
2473;Otros Servicios 10-9;2024;mayo;113;0;37;63;52;116;421;306;404;98;229;149;523;163;367;16;23;2967
2474;Escombros 10-10;2024;mayo;113;0;0;1;1;3;33;27;8;5;2;1;3;2;1;3;0;90
2475;Servicio Aéreo 10-11;2024;mayo;113;0;0;0;0;0;0;2;0;0;0;0;0;0;0;0;0;2
2476;Apoyo a otros Cuerpos 10-12;2024;mayo;113;0;0;0;1;3;34;317;27;9;7;23;13;6;4;1;0;445
2477;Atentados Terroristas 10-13;2024;mayo;113;0;0;0;0;0;0;2;0;1;0;0;0;0;0;0;0;3
2478;Accidentes Aéreos 10-14;2024;mayo;113;0;0;0;0;0;0;0;0;0;0;0;0;0;0;0;0;0
2479;Simulacro 10-15;2024;mayo;113;4;3;7;2;7;10;18;18;15;3;16;37;12;17;5;3;177
2480;Túnel 10-16;2024;mayo;113;0;0;0;0;0;1;0;0;0;0;1;0;0;0;0;0;2
2481;Falsa Alarma 6-16;2024;mayo;113;0;1;3;1;6;10;27;5;3;7;3;8;3;12;1;2;92
2482;Inundación 10-17;2024;mayo;113;0;0;0;0;1;7;9;0;2;0;36;18;2;1;0;0;76
2483;Emergencia Marítima Portuaria 10-18;2024;mayo;113;0;0;1;0;0;0;0;0;0;0;2;0;0;0;0;0;3
2484;Incendio 10-30;2024;mayo;113;2;0;4;0;0;7;55;2;9;0;1;3;3;14;0;0;100
2485;Emergencia Metro de Santiago 10-19;2024;mayo;113;0;0;0;0;0;0;1;0;0;0;0;0;0;0;0;0;1
2486;Estructural 10-0;2024;Junio;114;6;18;31;12;40;131;433;124;155;95;251;200;82;165;33;18;1794
2487;Vehículos 10-1;2024;Junio;114;4;8;13;5;11;24;219;11;16;8;33;15;12;12;2;3;396
2488;Pastizales y/o Basura 10-2;2024;Junio;114;6;16;36;34;27;82;203;54;21;5;13;5;5;43;1;2;553
2489;Rescate de Emergencia 10-3;2024;Junio;114;9;14;16;20;41;256;1061;148;49;39;186;102;39;76;3;5;2064
2490;Rescate Vehicular 10-4;2024;Junio;114;20;36;58;16;68;280;517;170;138;99;203;140;83;116;20;12;1976
2491;Haz-Mat 10-5;2024;Junio;114;1;0;3;2;5;38;64;15;11;5;24;10;10;46;1;3;238
2492;Gas 10-6;2024;Junio;114;4;10;29;14;41;124;359;63;58;19;135;54;23;44;11;23;1011
2493;Eléctrico 10-7;2024;Junio;114;3;2;17;9;16;100;460;76;30;15;52;27;10;20;3;2;842
2494;No Clasificado 10-8;2024;Junio;114;3;4;6;8;59;587;441;305;185;143;310;47;30;43;14;5;2190
2495;Otros Servicios 10-9;2024;Junio;114;2;45;78;48;191;537;745;1250;247;346;399;797;286;320;6;43;5340
2496;Escombros 10-10;2024;Junio;114;0;0;1;0;6;17;15;5;7;1;11;2;6;6;1;0;78
2497;Servicio Aéreo 10-11;2024;Junio;114;0;0;0;0;0;0;1;0;0;0;0;0;0;0;0;0;1
2498;Apoyo a otros Cuerpos 10-12;2024;Junio;114;0;1;0;0;12;14;227;30;6;6;34;19;17;3;0;0;369
2499;Atentados Terroristas 10-13;2024;Junio;114;0;0;0;0;0;0;0;0;2;0;0;0;1;1;0;0;4
2500;Accidentes Aéreos 10-14;2024;Junio;114;0;0;0;0;0;0;1;0;0;0;0;0;0;0;0;0;1
2501;Simulacro 10-15;2024;Junio;114;13;0;5;1;5;10;10;5;5;4;4;11;9;23;2;3;110
2502;Túnel 10-16;2024;Junio;114;0;0;0;0;0;0;3;0;0;0;95;0;0;1;0;0;99
2503;Falsa Alarma 6-16;2024;Junio;114;0;1;1;1;3;10;17;7;6;6;4;7;2;23;0;2;90
2504;Inundación 10-17;2024;Junio;114;0;0;0;0;3;106;23;13;23;61;640;111;1;3;0;0;984
2505;Emergencia Marítima Portuaria 10-18;2024;Junio;114;0;0;3;0;0;0;2;0;0;0;0;0;0;0;0;0;5
2506;Incendio 10-30;2024;Junio;114;0;0;4;0;0;4;40;2;3;0;1;1;3;25;0;0;83
2507;Emergencia Metro de Santiago 10-19;2024;Junio;114;0;0;0;0;0;0;3;0;0;0;0;0;0;0;0;0;3
2508;Estructural 10-0;2024;Julio;115;4;21;35;22;50;156;399;162;251;111;348;271;129;212;32;21;2224
2509;Vehículos 10-1;2024;Julio;115;3;10;12;7;16;34;212;31;19;14;36;22;11;14;2;4;447
2510;Pastizales y/o Basura 10-2;2024;Julio;115;18;17;51;18;60;168;367;168;78;51;71;60;5;65;0;6;1203
2511;Rescate de Emergencia 10-3;2024;Julio;115;10;18;29;6;31;212;1149;115;58;53;178;95;49;82;6;0;2091
2512;Rescate Vehicular 10-4;2024;Julio;115;14;43;39;27;57;278;490;206;141;98;207;171;78;138;18;11;2016
2513;Haz-Mat 10-5;2024;Julio;115;0;0;4;2;6;65;57;26;11;6;32;25;7;20;2;1;264
2514;Gas 10-6;2024;Julio;115;5;19;46;10;33;169;396;75;50;36;122;59;31;58;6;14;1129
2515;Eléctrico 10-7;2024;Julio;115;2;13;4;5;7;50;240;36;18;11;40;18;12;27;3;0;486
2516;No Clasificado 10-8;2024;Julio;115;5;5;9;9;13;114;114;76;95;23;134;35;12;32;3;4;683
2517;Otros Servicios 10-9;2024;Julio;115;2;31;88;37;65;312;248;455;92;286;176;605;224;395;7;46;3069
2518;Escombros 10-10;2024;Julio;115;0;0;7;0;3;18;13;8;3;0;8;6;3;5;0;0;74
2519;Servicio Aéreo 10-11;2024;Julio;115;0;0;1;0;0;0;0;0;0;0;0;0;0;0;0;0;1
2520;Apoyo a otros Cuerpos 10-12;2024;Julio;115;0;2;0;1;6;25;223;20;14;9;44;10;20;4;0;0;378
2521;Atentados Terroristas 10-13;2024;Julio;115;0;0;0;0;0;0;2;0;1;0;0;1;0;1;0;0;5
2522;Accidentes Aéreos 10-14;2024;Julio;115;0;0;0;0;0;0;2;1;0;0;0;0;0;0;0;0;3
2523;Simulacro 10-15;2024;Julio;115;2;0;17;2;2;9;15;4;8;5;3;16;2;12;0;0;97
2524;Túnel 10-16;2024;Julio;115;0;0;0;0;0;0;2;0;0;0;3;0;0;0;0;0;5
2525;Falsa Alarma 6-16;2024;Julio;115;0;1;0;0;0;9;25;3;3;0;2;7;6;18;1;1;76
2526;Inundación 10-17;2024;Julio;115;0;0;0;0;0;3;0;0;0;0;18;0;1;1;0;0;23
2527;Emergencia Marítima Portuaria 10-18;2024;Julio;115;0;0;1;0;0;0;0;0;0;0;2;0;0;0;0;0;3
2528;Incendio 10-30;2024;Julio;115;0;1;0;0;0;2;40;3;6;0;0;1;4;22;0;0;79
2529;Emergencia Metro de Santiago 10-19;2024;Julio;115;0;0;0;0;0;0;1;0;0;0;0;0;0;0;0;0;1
2530;Estructural 10-0;2024;Agosto;116;4;22;37;20;31;161;441;133;156;118;265;233;94;221;25;13;1974
2531;Vehículos 10-1;2024;Agosto;116;1;7;4;7;12;45;228;20;22;20;35;22;6;13;2;2;446
2532;Pastizales y/o Basura 10-2;2024;Agosto;116;9;29;32;25;46;119;334;181;56;38;51;52;10;65;4;2;1053
2533;Rescate de Emergencia 10-3;2024;Agosto;116;6;33;15;8;25;184;1275;117;49;65;184;88;46;90;4;3;2192
2534;Rescate Vehicular 10-4;2024;Agosto;116;14;47;56;26;61;284;496;163;122;91;231;106;61;114;19;14;1905
2535;Haz-Mat 10-5;2024;Agosto;116;0;0;10;2;5;58;68;27;11;6;42;22;6;34;1;1;293
2536;Gas 10-6;2024;Agosto;116;9;19;35;6;47;155;393;56;42;30;114;51;35;54;4;13;1063
2537;Eléctrico 10-7;2024;Agosto;116;1;5;9;8;21;79;506;69;23;34;60;34;14;28;1;0;892
2538;No Clasificado 10-8;2024;Agosto;116;2;3;10;9;35;254;177;124;136;103;296;44;25;40;5;6;1269
2539;Otros Servicios 10-9;2024;Agosto;116;4;33;55;47;100;448;478;766;231;359;403;1040;344;570;11;36;4925
2540;Escombros 10-10;2024;Agosto;116;2;2;5;0;1;27;11;6;6;1;8;2;2;1;0;0;74
2541;Servicio Aéreo 10-11;2024;Agosto;116;0;0;0;0;0;0;0;0;0;0;0;0;0;0;0;0;0
2542;Apoyo a otros Cuerpos 10-12;2024;Agosto;116;0;4;0;1;8;23;259;19;7;2;30;16;4;5;0;0;378
2543;Atentados Terroristas 10-13;2024;Agosto;116;2;0;0;0;0;0;1;0;2;0;0;0;1;2;0;0;8
2544;Accidentes Aéreos 10-14;2024;Agosto;116;0;0;0;0;0;1;0;1;0;0;0;0;0;0;0;1;3
2545;Simulacro 10-15;2024;Agosto;116;0;0;7;2;5;16;27;10;9;5;9;12;10;13;2;1;128
2546;Túnel 10-16;2024;Agosto;116;0;0;0;0;0;1;2;0;0;0;31;1;0;0;0;0;35
2547;Falsa Alarma 6-16;2024;Agosto;116;0;1;1;1;1;16;31;3;1;3;5;8;9;15;1;0;96
2548;Inundación 10-17;2024;Agosto;116;0;0;0;0;0;23;0;3;2;4;219;2;0;5;0;0;258
2549;Emergencia Marítima Portuaria 10-18;2024;Agosto;116;0;0;2;0;0;0;0;0;0;0;0;0;0;0;0;0;2
2550;Incendio 10-30;2024;Agosto;116;2;3;5;0;1;5;38;2;4;0;0;0;1;24;0;0;85
2551;Emergencia Metro de Santiago 10-19;2024;Agosto;116;0;0;0;0;0;0;2;0;0;0;0;0;0;0;0;0;2
2552;Estructural 10-0;2024;septiembre;117;7;25;41;13;31;137;330;134;96;88;250;161;80;181;28;19;1621
2553;Vehículos 10-1;2024;septiembre;117;2;6;11;1;13;29;229;24;19;4;27;20;7;11;3;4;410
2554;Pastizales y/o Basura 10-2;2024;septiembre;117;18;19;45;35;55;193;452;280;136;55;64;47;6;60;0;2;1467
2555;Rescate de Emergencia 10-3;2024;septiembre;117;14;17;21;9;22;176;1181;101;52;49;151;104;54;83;2;1;2037
2556;Rescate Vehicular 10-4;2024;septiembre;117;17;40;52;40;53;266;548;203;162;78;218;130;73;115;14;11;2020
2557;Haz-Mat 10-5;2024;septiembre;117;2;1;6;1;5;41;58;22;11;8;22;18;8;41;0;6;250
2558;Gas 10-6;2024;septiembre;117;8;10;25;12;22;124;249;30;33;18;93;49;24;42;4;9;752
2559;Eléctrico 10-7;2024;septiembre;117;0;5;6;2;3;41;209;20;8;17;32;14;4;10;2;2;375
2560;No Clasificado 10-8;2024;septiembre;117;7;3;9;5;15;80;85;62;101;44;94;26;18;30;3;7;589
2561;Otros Servicios 10-9;2024;septiembre;117;5;36;54;31;50;307;275;461;112;268;212;575;188;280;11;48;2913
2562;Escombros 10-10;2024;septiembre;117;0;0;3;2;1;24;8;2;2;1;3;0;2;8;1;1;58
2563;Servicio Aéreo 10-11;2024;septiembre;117;0;0;0;0;0;0;1;0;0;0;0;0;0;0;0;2;3
2564;Apoyo a otros Cuerpos 10-12;2024;septiembre;117;0;0;2;2;8;33;239;17;7;7;16;25;11;3;1;0;371
2565;Atentados Terroristas 10-13;2024;septiembre;117;0;0;0;0;0;3;0;0;2;0;2;0;1;0;0;0;8
2566;Accidentes Aéreos 10-14;2024;septiembre;117;0;0;0;0;0;0;1;0;0;0;0;0;0;0;0;1;2
2567;Simulacro 10-15;2024;septiembre;117;0;1;7;0;3;18;15;9;10;3;7;22;8;12;6;3;124
2568;Túnel 10-16;2024;septiembre;117;0;0;0;0;0;0;1;0;0;0;1;0;0;0;0;0;2
2569;Falsa Alarma 6-16;2024;septiembre;117;0;2;0;1;3;9;32;9;1;7;3;3;1;17;0;0;88
2570;Inundación 10-17;2024;septiembre;117;0;1;0;0;0;1;0;2;0;1;2;0;0;2;0;0;9
2571;Emergencia Marítima Portuaria 10-18;2024;septiembre;117;0;0;0;0;0;0;2;0;0;0;1;0;0;0;0;0;3
2572;Incendio 10-30;2024;septiembre;117;1;0;2;0;0;5;35;0;3;0;1;1;4;22;0;0;74
2573;Emergencia Metro de Santiago 10-19;2024;septiembre;117;0;0;0;0;0;0;1;0;0;0;0;0;0;0;0;0;1
2574;Estructural 10-0;2024;octubre;118;4;31;35;18;19;135;333;91;79;62;166;114;46;156;18;20;1327
2575;Vehículos 10-1;2024;octubre;118;5;6;10;5;9;38;214;14;19;17;28;15;8;17;3;10;418
2576;Pastizales y/o Basura 10-2;2024;octubre;118;10;21;46;23;75;245;555;194;132;55;124;127;40;129;3;4;1783
2577;Rescate de Emergencia 10-3;2024;octubre;118;10;31;26;13;20;203;1165;115;62;46;203;105;48;76;2;4;2129
2578;Rescate Vehicular 10-4;2024;octubre;118;18;34;67;13;61;362;608;169;131;64;196;118;62;136;18;10;2067
2579;Haz-Mat 10-5;2024;octubre;118;0;3;4;0;3;43;58;18;12;5;31;27;10;33;0;2;249
2580;Gas 10-6;2024;octubre;118;7;22;34;10;30;95;289;38;39;17;113;36;27;56;5;8;826
2581;Eléctrico 10-7;2024;octubre;118;2;10;11;4;7;45;203;35;7;13;27;11;6;14;0;1;396
2582;No Clasificado 10-8;2024;octubre;118;6;4;9;8;14;102;85;80;77;17;72;29;16;39;4;10;572
2583;Otros Servicios 10-9;2024;octubre;118;3;22;63;42;66;307;281;422;107;260;154;560;136;299;16;31;2769
2584;Escombros 10-10;2024;octubre;118;1;3;0;1;1;28;29;9;1;1;1;1;1;1;0;0;78
2585;Servicio Aéreo 10-11;2024;octubre;118;0;0;0;0;0;0;1;0;0;0;0;0;0;0;0;0;1
2586;Apoyo a otros Cuerpos 10-12;2024;octubre;118;0;0;8;5;3;33;322;7;8;2;30;9;10;4;0;0;441
2587;Atentados Terroristas 10-13;2024;octubre;118;0;0;0;0;0;0;1;0;0;0;1;0;0;1;0;0;3
2588;Accidentes Aéreos 10-14;2024;octubre;118;0;0;0;0;0;0;0;0;0;0;0;0;0;0;0;0;0
2589;Simulacro 10-15;2024;octubre;118;0;2;6;1;5;16;28;16;19;11;23;25;12;17;6;3;190
2590;Túnel 10-16;2024;octubre;118;0;0;0;0;0;0;0;0;0;0;0;0;0;0;0;0;0
2591;Falsa Alarma 6-16;2024;octubre;118;1;2;2;1;2;8;31;5;4;6;4;5;11;13;2;2;99
2592;Inundación 10-17;2024;octubre;118;0;0;0;0;0;1;0;0;0;0;1;0;0;0;0;0;2
2593;Emergencia Marítima Portuaria 10-18;2024;octubre;118;0;0;0;0;0;0;2;0;0;0;3;0;0;0;0;0;5
2594;Incendio 10-30;2024;octubre;118;3;6;3;0;2;3;34;0;2;0;0;0;1;16;0;0;70
2595;Emergencia Metro de Santiago 10-19;2024;octubre;118;0;0;0;0;0;0;0;0;0;0;0;0;0;0;0;0;0
2596;Estructural 10-0;2024;Noviembre;119;3;16;35;12;54;127;351;79;65;30;140;114;42;142;18;14;1242
2597;Vehículos 10-1;2024;Noviembre;119;7;9;5;1;12;37;221;17;23;5;29;30;5;10;3;9;423
2598;Pastizales y/o Basura 10-2;2024;Noviembre;119;11;21;30;31;77;524;1002;482;233;118;187;144;9;50;5;6;2930
2599;Rescate de Emergencia 10-3;2024;Noviembre;119;6;27;21;5;33;163;1111;111;78;49;210;112;88;103;8;6;2131
2600;Rescate Vehicular 10-4;2024;Noviembre;119;16;47;60;29;58;282;636;172;134;69;227;119;81;141;23;12;2106
2601;Haz-Mat 10-5;2024;Noviembre;119;1;0;2;3;9;35;57;29;13;6;31;12;8;50;0;1;257
2602;Gas 10-6;2024;Noviembre;119;7;31;41;10;27;77;246;30;26;10;85;39;25;59;7;14;734
2603;Eléctrico 10-7;2024;Noviembre;119;1;2;16;1;11;35;154;36;10;9;20;6;6;22;0;1;330
2604;No Clasificado 10-8;2024;Noviembre;119;6;5;14;10;21;85;89;84;87;28;97;30;23;26;6;5;616
2605;Otros Servicios 10-9;2024;Noviembre;119;3;27;33;19;52;296;283;411;88;325;149;544;161;339;19;38;2787
2606;Escombros 10-10;2024;Noviembre;119;3;0;1;1;2;39;54;14;7;9;7;2;3;4;2;0;148
2607;Servicio Aéreo 10-11;2024;Noviembre;119;0;0;0;0;0;0;1;1;0;2;0;0;0;0;0;1;5
2608;Apoyo a otros Cuerpos 10-12;2024;Noviembre;119;0;1;2;5;4;124;430;92;19;7;26;8;20;22;1;0;761
2609;Atentados Terroristas 10-13;2024;Noviembre;119;0;0;0;0;0;0;2;2;2;0;0;1;0;1;0;0;8
2610;Accidentes Aéreos 10-14;2024;Noviembre;119;0;0;0;0;1;1;0;0;0;0;0;0;0;0;0;0;2
2611;Simulacro 10-15;2024;Noviembre;119;5;0;18;2;7;20;50;25;31;26;28;30;20;29;4;9;304
2612;Túnel 10-16;2024;Noviembre;119;0;0;0;0;0;0;1;0;0;0;0;0;0;0;0;0;1
2613;Falsa Alarma 6-16;2024;Noviembre;119;0;0;2;0;2;10;32;9;7;4;4;6;2;27;1;3;109
2614;Inundación 10-17;2024;Noviembre;119;0;0;1;0;0;0;1;0;0;0;1;0;0;3;0;0;6
2615;Emergencia Marítima Portuaria 10-18;2024;Noviembre;119;0;0;1;0;0;0;1;0;0;0;2;0;0;0;0;0;4
2616;Incendio 10-30;2024;Noviembre;119;4;0;3;0;1;6;78;5;2;0;1;3;2;19;0;0;124
2617;Emergencia Metro de Santiago 10-19;2024;Noviembre;119;0;0;0;0;0;0;0;0;0;0;0;0;0;0;0;0;0
2618;Estructural 10-0;2024;diciembre;120;4;22;36;24;41;183;341;104;75;50;196;114;44;116;20;22;1392
2619;Vehículos 10-1;2024;diciembre;120;3;4;8;9;14;41;269;36;34;8;32;25;14;14;4;5;520
2620;Pastizales y/o Basura 10-2;2024;diciembre;120;16;11;48;28;100;569;1257;544;469;165;447;314;45;138;3;10;4164
2621;Rescate de Emergencia 10-3;2024;diciembre;120;7;31;28;6;30;190;1235;121;65;39;208;142;58;98;8;4;2270
2622;Rescate Vehicular 10-4;2024;diciembre;120;25;26;73;27;59;324;651;218;166;88;248;148;89;132;24;11;2309
2623;Haz-Mat 10-5;2024;diciembre;120;0;1;5;2;7;36;70;31;13;7;23;20;16;28;3;2;264
2624;Gas 10-6;2024;diciembre;120;4;18;23;3;29;85;205;36;28;18;83;34;15;43;2;9;635
2625;Eléctrico 10-7;2024;diciembre;120;1;4;10;8;9;37;173;22;12;14;22;21;6;7;2;0;348
2626;No Clasificado 10-8;2024;diciembre;120;5;4;13;4;12;103;125;68;118;37;85;28;11;18;4;9;644
2627;Otros Servicios 10-9;2024;diciembre;120;3;16;57;22;46;324;289;327;89;318;123;534;171;346;2;42;2709
2628;Escombros 10-10;2024;diciembre;120;0;1;2;1;0;58;78;25;20;4;6;11;2;0;0;1;209
2629;Servicio Aéreo 10-11;2024;diciembre;120;0;0;0;0;0;0;0;0;0;2;0;0;0;1;0;1;4
2630;Apoyo a otros Cuerpos 10-12;2024;diciembre;120;0;0;1;4;1;120;612;204;34;8;38;15;2;4;0;0;1043
2631;Atentados Terroristas 10-13;2024;diciembre;120;0;0;0;0;0;0;0;0;1;0;0;0;0;0;0;0;1
2632;Accidentes Aéreos 10-14;2024;diciembre;120;0;0;0;0;0;0;1;0;0;0;0;0;0;0;0;0;1
2633;Simulacro 10-15;2024;diciembre;120;3;0;4;0;6;21;33;15;9;13;12;20;15;29;3;5;188
2634;Túnel 10-16;2024;diciembre;120;0;0;0;0;0;0;2;0;0;0;1;0;0;1;0;0;4
2635;Falsa Alarma 6-16;2024;diciembre;120;0;2;4;1;0;16;42;10;8;8;11;13;10;20;2;2;149
2636;Inundación 10-17;2024;diciembre;120;0;0;0;0;0;0;1;0;1;0;2;0;0;0;0;0;4
2637;Emergencia Marítima Portuaria 10-18;2024;diciembre;120;0;0;1;0;0;0;1;0;0;0;2;0;0;0;0;0;4
2638;Incendio 10-30;2024;diciembre;120;3;1;4;0;0;9;118;4;8;0;0;1;2;13;0;0;163
2639;Emergencia Metro de Santiago 10-19;2024;diciembre;120;0;0;0;0;0;0;0;0;0;0;0;0;0;0;0;0;0
2640;Estructural 10-0;2025;enero;121;3;36;30;26;35;154;395;120;91;69;147;93;54;101;11;18;1383
2641;Vehículos 10-1;2025;enero;121;2;8;6;12;18;41;227;26;21;16;38;29;9;29;6;6;494
2642;Pastizales y/o Basura 10-2;2025;enero;121;14;15;53;48;76;488;1033;583;647;229;631;486;110;205;8;4;4630
2643;Rescate de Emergencia 10-3;2025;enero;121;10;36;41;5;36;227;1162;111;62;65;253;100;56;123;4;3;2294
2644;Rescate Vehicular 10-4;2025;enero;121;12;17;59;37;83;409;554;235;198;90;278;182;89;147;30;17;2437
2645;Haz-Mat 10-5;2025;enero;121;0;1;5;1;3;45;57;22;14;8;29;21;5;31;1;2;245
2646;Gas 10-6;2025;enero;121;1;7;29;9;22;70;190;42;20;15;86;31;18;41;5;10;596
2647;Eléctrico 10-7;2025;enero;121;3;4;6;6;7;58;208;45;23;14;37;20;12;22;3;2;470
2648;No Clasificado 10-8;2025;enero;121;11;5;12;11;23;121;106;66;58;29;124;34;34;16;11;9;670
2649;Otros Servicios 10-9;2025;enero;121;1;16;74;53;98;345;243;375;92;288;193;746;199;567;27;33;3350
2650;Escombros 10-10;2025;enero;121;0;0;0;5;2;64;92;29;20;8;11;16;1;1;1;0;250
2651;Servicio Aéreo 10-11;2025;enero;121;0;0;0;0;0;0;0;0;0;0;0;0;1;0;0;0;1
2652;Apoyo a otros Cuerpos 10-12;2025;enero;121;0;0;0;1;1;125;419;121;64;74;24;61;12;14;1;0;917
2653;Atentados Terroristas 10-13;2025;enero;121;0;0;0;0;0;1;0;1;0;1;0;1;0;0;0;0;4
2654;Accidentes Aéreos 10-14;2025;enero;121;0;0;0;0;0;0;1;0;1;2;0;2;0;0;0;0;6
2655;Simulacro 10-15;2025;enero;121;0;0;4;0;3;4;4;2;1;1;0;6;2;1;0;1;29
2656;Túnel 10-16;2025;enero;121;0;0;0;0;0;0;1;0;0;0;1;0;0;0;0;0;2
2657;Falsa Alarma 6-16;2025;enero;121;3;0;3;0;3;16;39;6;13;10;5;14;7;24;2;1;146
2658;Inundación 10-17;2025;enero;121;0;0;0;0;0;0;0;1;0;0;0;0;0;0;0;0;1
2659;Emergencia Marítima Portuaria 10-18;2025;enero;121;0;0;6;0;0;0;3;0;0;0;2;0;0;0;0;0;11
2660;Incendio 10-30;2025;enero;121;0;0;3;0;0;7;67;5;14;0;1;3;0;18;0;0;118
2661;Emergencia Metro de Santiago 10-19;2025;enero;121;0;0;0;0;0;0;1;0;0;0;0;0;0;0;0;0;1
2662;Estructural 10-0;2025;febrero;122;7;18;32;22;52;167;332;107;88;48;135;90;43;88;16;16;1261
2663;Vehículos 10-1;2025;febrero;122;3;5;8;4;13;41;168;29;29;23;50;26;14;14;1;5;433
2664;Pastizales y/o Basura 10-2;2025;febrero;122;16;22;47;31;84;367;779;531;546;195;538;912;118;199;2;4;4391
2665;Rescate de Emergencia 10-3;2025;febrero;122;10;27;30;9;61;231;955;91;70;46;213;136;56;112;5;3;2055
2666;Rescate Vehicular 10-4;2025;febrero;122;21;16;66;31;89;332;528;182;173;70;233;172;112;153;33;6;2217
2667;Haz-Mat 10-5;2025;febrero;122;0;0;4;1;6;37;55;26;6;5;33;10;14;33;1;1;232
2668;Gas 10-6;2025;febrero;122;6;4;18;8;32;68;231;50;23;7;64;28;19;34;3;12;607
2669;Eléctrico 10-7;2025;febrero;122;1;2;13;4;25;47;145;34;11;11;26;14;9;14;4;0;360
2670;No Clasificado 10-8;2025;febrero;122;9;1;12;6;17;109;113;60;62;17;125;40;30;20;3;5;629
2671;Otros Servicios 10-9;2025;febrero;122;2;20;83;49;70;296;201;376;92;216;177;516;159;395;13;22;2687
2672;Escombros 10-10;2025;febrero;122;1;0;0;3;4;50;81;40;24;13;14;35;3;7;3;0;278
2673;Servicio Aéreo 10-11;2025;febrero;122;0;0;0;0;0;0;2;0;0;0;0;0;0;0;0;0;2
2674;Apoyo a otros Cuerpos 10-12;2025;febrero;122;0;1;0;1;8;97;399;119;29;141;68;211;28;19;0;0;1121
2675;Atentados Terroristas 10-13;2025;febrero;122;0;0;0;0;0;0;0;0;0;0;0;1;0;0;0;0;1
2676;Accidentes Aéreos 10-14;2025;febrero;122;0;0;0;0;0;0;0;0;0;0;0;0;0;0;0;0;0
2677;Simulacro 10-15;2025;febrero;122;0;0;4;0;0;4;5;3;5;1;2;0;2;5;0;1;32
2678;Túnel 10-16;2025;febrero;122;0;0;0;0;0;0;0;0;0;0;1;0;0;0;0;0;1
2679;Falsa Alarma 6-16;2025;febrero;122;0;2;3;0;6;14;35;23;7;8;6;26;6;25;0;1;162
2680;Inundación 10-17;2025;febrero;122;0;0;1;0;0;1;2;0;0;0;1;0;0;0;0;0;5
2681;Emergencia Marítima Portuaria 10-18;2025;febrero;122;0;0;1;0;0;0;1;0;0;0;3;0;0;0;0;0;5
2682;Incendio 10-30;2025;febrero;122;1;1;2;0;1;4;84;4;7;0;0;10;4;19;0;0;137
2683;Emergencia Metro de Santiago 10-19;2025;febrero;122;0;0;0;0;0;0;4;0;0;0;0;0;0;0;0;0;4
2684;Estructural 10-0;2025;marzo;123;10;18;41;6;44;152;339;80;89;51;163;106;47;116;13;17;1292
2685;Vehículos 10-1;2025;marzo;123;5;5;11;8;10;49;224;21;18;24;27;40;10;16;4;3;475
2686;Pastizales y/o Basura 10-2;2025;marzo;123;7;9;35;22;80;304;643;341;410;195;446;715;67;128;2;4;3408
2687;Rescate de Emergencia 10-3;2025;marzo;123;13;19;33;9;40;214;1186;104;61;50;208;120;43;107;8;3;2218
2688;Rescate Vehicular 10-4;2025;marzo;123;18;26;56;22;85;330;620;202;179;91;256;144;92;143;23;10;2297
2689;Haz-Mat 10-5;2025;marzo;123;1;1;7;5;12;47;56;18;13;9;36;16;12;47;0;5;285
2690;Gas 10-6;2025;marzo;123;11;19;16;13;23;119;265;42;30;15;89;40;29;57;5;13;786
2691;Eléctrico 10-7;2025;marzo;123;0;10;11;2;12;65;278;31;16;19;59;26;11;22;0;1;563
2692;No Clasificado 10-8;2025;marzo;123;8;0;16;4;11;93;103;82;69;20;157;44;25;18;1;4;655
2693;Otros Servicios 10-9;2025;marzo;123;1;18;62;53;78;282;208;347;75;214;223;499;122;434;11;39;2666
2694;Escombros 10-10;2025;marzo;123;0;0;1;1;11;30;37;20;19;5;17;28;1;4;2;0;176
2695;Servicio Aéreo 10-11;2025;marzo;123;0;0;0;0;0;0;1;0;0;0;0;0;0;0;0;0;1
2696;Apoyo a otros Cuerpos 10-12;2025;marzo;123;0;0;1;1;7;26;255;56;23;33;109;72;18;4;0;0;605
2697;Atentados Terroristas 10-13;2025;marzo;123;0;0;0;0;4;1;1;0;1;0;0;0;1;0;0;0;8
2698;Accidentes Aéreos 10-14;2025;marzo;123;0;0;0;1;0;0;0;0;0;0;0;0;0;0;0;0;1
2699;Simulacro 10-15;2025;marzo;123;0;0;1;0;0;5;6;3;4;0;5;2;5;7;2;0;40
2700;Túnel 10-16;2025;marzo;123;0;0;0;0;0;0;0;0;0;0;3;0;0;0;0;0;3
2701;Falsa Alarma 6-16;2025;marzo;123;0;3;0;0;5;16;30;7;13;5;4;15;5;18;0;0;121
2702;Inundación 10-17;2025;marzo;123;0;0;0;0;0;0;0;0;0;0;13;1;0;2;0;0;16
2703;Emergencia Marítima Portuaria 10-18;2025;marzo;123;0;0;1;0;0;0;0;0;0;0;2;0;0;0;0;0;3
2704;Incendio 10-30;2025;marzo;123;0;0;0;0;2;7;53;3;10;0;0;5;2;6;0;0;88
2705;Emergencia Metro de Santiago 10-19;2025;marzo;123;0;0;0;0;0;0;1;0;0;0;0;0;0;0;0;0;1
2706;Estructural 10-0;2025;abril;124;4;27;48;18;35;125;337;127;106;64;187;134;72;152;20;22;1478
2707;Vehículos 10-1;2025;abril;124;6;1;6;6;9;32;188;11;16;7;24;13;4;11;2;2;338
2708;Pastizales y/o Basura 10-2;2025;abril;124;10;15;48;23;81;298;548;250;220;120;172;141;20;65;0;4;2015
2709;Rescate de Emergencia 10-3;2025;abril;124;3;24;31;8;33;191;1044;98;47;44;197;104;36;88;5;3;1956
2710;Rescate Vehicular 10-4;2025;abril;124;19;11;50;28;47;240;478;201;192;80;218;126;87;135;20;11;1943
2711;Haz-Mat 10-5;2025;abril;124;2;0;3;4;4;55;67;21;11;7;17;19;8;31;1;2;252
2712;Gas 10-6;2025;abril;124;2;21;36;19;26;86;306;47;27;21;106;52;23;57;5;22;856
2713;Eléctrico 10-7;2025;abril;124;1;5;22;1;11;36;148;20;14;12;30;9;12;37;3;0;361
2714;No Clasificado 10-8;2025;abril;124;0;8;5;4;13;77;102;80;99;21;97;26;20;27;2;6;587
2715;Otros Servicios 10-9;2025;abril;124;7;3;84;49;75;275;190;412;90;211;144;418;180;456;19;51;2664
2716;Escombros 10-10;2025;abril;124;0;0;1;1;4;33;30;5;4;0;0;2;1;6;0;0;87
2717;Servicio Aéreo 10-11;2025;abril;124;0;0;0;0;0;0;0;0;0;0;0;0;0;0;0;0;0
2718;Apoyo a otros Cuerpos 10-12;2025;abril;124;0;0;2;5;17;30;238;21;20;12;27;7;3;7;0;0;389
2719;Atentados Terroristas 10-13;2025;abril;124;0;0;0;0;0;1;1;1;0;0;1;0;0;0;0;0;4
2720;Accidentes Aéreos 10-14;2025;abril;124;0;0;0;0;0;0;0;0;0;0;0;0;0;0;0;0;0
2721;Simulacro 10-15;2025;abril;124;1;0;6;1;4;5;7;4;22;1;7;8;11;9;3;1;90
2722;Túnel 10-16;2025;abril;124;0;0;0;0;0;0;0;0;0;0;0;0;0;0;0;0;0
2723;Falsa Alarma 6-16;2025;abril;124;1;0;4;0;2;10;26;10;7;4;1;3;3;23;0;3;97
2724;Inundación 10-17;2025;abril;124;0;0;0;0;0;0;1;2;0;0;4;0;0;0;0;0;7
2725;Emergencia Marítima Portuaria 10-18;2025;abril;124;0;0;0;0;0;0;0;0;0;0;4;0;0;0;0;0;4
2726;Incendio 10-30;2025;abril;124;1;1;1;0;0;3;40;1;4;0;0;0;1;10;0;0;62
2727;Emergencia Metro de Santiago 10-19;2025;abril;124;0;0;0;0;0;0;1;0;0;0;0;0;0;0;0;0;1
2728;Estructural 10-0;2025;mayo;125;8;20;26;12;31;169;384;136;172;77;236;168;80;186;33;22;1760
2729;Vehículos 10-1;2025;mayo;125;5;3;4;4;14;43;211;19;11;7;21;8;5;13;3;5;376
2730;Pastizales y/o Basura 10-2;2025;mayo;125;11;6;42;27;65;206;295;153;130;44;59;12;5;44;1;3;1103
2731;Rescate de Emergencia 10-3;2025;mayo;125;7;38;20;10;22;195;1130;121;60;43;198;109;38;98;2;3;2094
2732;Rescate Vehicular 10-4;2025;mayo;125;19;11;89;32;67;329;550;200;173;83;229;131;64;133;26;5;2141
2733;Haz-Mat 10-5;2025;mayo;125;0;2;4;3;6;61;59;17;12;5;34;26;19;60;3;0;311
2734;Gas 10-6;2025;mayo;125;10;27;33;13;28;117;343;38;33;19;119;58;18;48;3;21;928
2735;Eléctrico 10-7;2025;mayo;125;4;10;11;6;11;74;396;37;14;19;31;16;8;26;4;2;669
2736;No Clasificado 10-8;2025;mayo;125;2;1;7;9;12;89;88;66;106;26;125;16;9;25;5;5;591
2737;Otros Servicios 10-9;2025;mayo;125;1;16;38;52;59;287;228;445;98;206;136;480;173;451;13;51;2734
2738;Escombros 10-10;2025;mayo;125;1;3;0;0;3;35;13;3;6;0;7;4;3;5;1;0;84
2739;Servicio Aéreo 10-11;2025;mayo;125;0;0;0;0;0;0;0;0;0;0;0;0;0;0;0;0;0
2740;Apoyo a otros Cuerpos 10-12;2025;mayo;125;0;1;2;2;21;24;197;30;13;5;27;10;4;8;0;0;344
2741;Atentados Terroristas 10-13;2025;mayo;125;0;0;1;0;0;1;2;1;0;0;0;0;0;0;0;0;5
2742;Accidentes Aéreos 10-14;2025;mayo;125;0;0;0;0;0;0;3;0;0;0;0;0;0;0;0;0;3
2743;Simulacro 10-15;2025;mayo;125;4;1;8;5;5;13;23;16;25;9;16;31;4;18;3;3;184
2744;Túnel 10-16;2025;mayo;125;0;0;0;0;1;0;0;0;0;0;1;0;0;0;0;0;2
2745;Falsa Alarma 6-16;2025;mayo;125;0;1;1;0;4;7;27;3;7;3;2;2;2;13;0;0;72
2746;Inundación 10-17;2025;mayo;125;0;0;0;0;0;0;0;3;0;1;29;1;0;13;0;0;47
2747;Emergencia Marítima Portuaria 10-18;2025;mayo;125;0;0;0;0;0;0;0;0;0;0;1;0;0;0;0;0;1
2748;Incendio 10-30;2025;mayo;125;1;1;2;0;0;6;29;3;6;0;1;1;1;16;0;0;67
2749;Emergencia Metro de Santiago 10-19;2025;mayo;125;0;0;0;0;0;0;2;0;0;0;0;0;0;0;0;0;2
2750;Estructural 10-0;2025;Junio;126;5;22;68;22;44;166;382;138;158;126;269;242;93;188;35;19;1977
2751;Vehículos 10-1;2025;Junio;126;7;6;5;2;13;43;190;9;16;8;24;13;7;19;1;6;369
2752;Pastizales y/o Basura 10-2;2025;Junio;126;10;10;45;21;31;130;266;91;52;33;41;14;1;56;0;2;803
2753;Rescate de Emergencia 10-3;2025;Junio;126;7;17;26;18;42;196;1153;109;49;50;184;87;48;119;4;1;2110
2754;Rescate Vehicular 10-4;2025;Junio;126;17;33;68;18;58;288;480;165;126;74;197;118;92;152;17;12;1915
2755;Haz-Mat 10-5;2025;Junio;126;0;0;4;4;11;75;51;18;8;5;34;22;14;32;2;1;281
2756;Gas 10-6;2025;Junio;126;14;26;63;12;20;115;376;61;26;18;119;81;24;44;8;23;1030
2757;Eléctrico 10-7;2025;Junio;126;0;5;20;6;44;80;389;40;19;16;69;14;9;39;3;2;755
2758;No Clasificado 10-8;2025;Junio;126;2;6;8;9;16;84;114;74;114;96;274;22;31;24;4;7;885
2759;Otros Servicios 10-9;2025;Junio;126;1;6;65;46;100;272;205;407;174;268;306;653;142;538;17;63;3263
2760;Escombros 10-10;2025;Junio;126;0;2;4;1;4;34;11;2;6;3;2;3;1;1;1;0;75
2761;Servicio Aéreo 10-11;2025;Junio;126;0;0;0;0;0;0;0;0;0;0;0;0;0;0;0;0;0
2762;Apoyo a otros Cuerpos 10-12;2025;Junio;126;0;3;0;3;6;22;148;17;16;13;35;33;10;4;0;0;310
2763;Atentados Terroristas 10-13;2025;Junio;126;0;0;0;0;0;0;0;0;0;0;0;0;1;0;0;0;1
2764;Accidentes Aéreos 10-14;2025;Junio;126;0;0;0;0;0;0;0;0;0;0;0;0;0;0;0;0;0
2765;Simulacro 10-15;2025;Junio;126;5;3;7;1;8;9;15;5;15;6;12;21;5;12;1;3;128
2766;Túnel 10-16;2025;Junio;126;0;0;0;0;0;0;0;0;0;0;13;0;0;0;0;0;13
2767;Falsa Alarma 6-16;2025;Junio;126;0;1;2;0;5;9;27;6;3;4;7;4;3;24;0;5;100
2768;Inundación 10-17;2025;Junio;126;0;0;0;0;6;1;1;2;1;2;121;1;0;3;0;0;138
2769;Emergencia Marítima Portuaria 10-18;2025;Junio;126;0;0;0;0;0;0;0;0;0;0;3;0;0;0;0;0;3
2770;Incendio 10-30;2025;Junio;126;0;2;8;0;1;9;36;0;3;0;1;1;2;19;0;0;82
2771;Emergencia Metro de Santiago 10-19;2025;Junio;126;0;0;0;0;0;0;2;0;0;0;0;0;0;0;0;0;2
2772;Estructural 10-0;2025;Julio;127;4;14;54;20;35;133;364;130;137;104;270;238;77;177;33;20;1810
2773;Vehículos 10-1;2025;Julio;127;2;4;5;5;9;33;189;27;18;5;25;16;6;17;1;6;368
2774;Pastizales y/o Basura 10-2;2025;Julio;127;7;4;65;12;65;185;354;164;55;33;44;10;1;63;1;5;1068
2775;Rescate de Emergencia 10-3;2025;Julio;127;5;20;21;19;31;185;1111;100;46;48;183;88;46;84;1;2;1990
2776;Rescate Vehicular 10-4;2025;Julio;127;9;15;89;21;70;264;467;211;118;62;211;109;96;97;21;15;1875
2777;Haz-Mat 10-5;2025;Julio;127;0;1;7;1;7;88;62;17;2;3;22;22;17;48;0;1;298
2778;Gas 10-6;2025;Julio;127;6;9;36;23;53;126;431;63;30;27;150;108;31;62;8;16;1179
2779;Eléctrico 10-7;2025;Julio;127;0;7;12;10;18;52;253;22;20;10;40;14;8;28;2;2;498
2780;No Clasificado 10-8;2025;Julio;127;7;5;17;4;19;54;93;72;86;41;118;21;12;33;1;6;589
2781;Otros Servicios 10-9;2025;Julio;127;0;6;60;56;65;316;238;355;127;193;171;417;135;401;9;65;2614
2782;Escombros 10-10;2025;Julio;127;1;0;3;1;0;30;10;7;2;5;17;6;1;2;0;1;86
2783;Servicio Aéreo 10-11;2025;Julio;127;0;0;0;0;0;0;0;0;0;0;0;0;0;0;0;0;0
2784;Apoyo a otros Cuerpos 10-12;2025;Julio;127;0;1;0;1;8;31;197;34;19;11;40;10;7;6;0;0;365
2785;Atentados Terroristas 10-13;2025;Julio;127;1;0;0;0;1;0;0;3;0;0;0;0;0;0;0;0;5
2786;Accidentes Aéreos 10-14;2025;Julio;127;0;0;0;0;0;0;0;0;0;0;0;0;0;0;0;0;0
2787;Simulacro 10-15;2025;Julio;127;3;0;11;0;6;9;13;8;6;1;5;9;6;4;1;0;82
2788;Túnel 10-16;2025;Julio;127;0;0;0;0;0;0;1;0;0;0;0;0;0;0;0;0;1
2789;Falsa Alarma 6-16;2025;Julio;127;1;0;3;0;5;12;26;5;2;1;3;8;5;21;1;1;94
2790;Inundación 10-17;2025;Julio;127;0;0;0;0;0;7;1;0;2;3;18;5;1;1;0;0;38
2791;Emergencia Marítima Portuaria 10-18;2025;Julio;127;0;0;0;0;0;0;1;0;0;0;0;0;0;0;0;0;1
2792;Incendio 10-30;2025;Julio;127;0;1;6;0;0;2;36;1;0;0;0;3;2;19;0;0;70
2793;Emergencia Metro de Santiago 10-19;2025;Julio;127;0;0;0;0;0;0;3;0;0;0;0;0;0;1;0;0;4
2794;Estructural 10-0;2025;Agosto;128;11;4;57;18;37;123;317;96;80;68;207;172;60;149;18;16;1433
2795;Vehículos 10-1;2025;Agosto;128;5;3;16;5;14;39;193;19;10;9;22;12;6;6;2;7;368
2796;Pastizales y/o Basura 10-2;2025;Agosto;128;4;6;51;13;33;100;228;93;28;20;51;18;4;48;0;3;700
2797;Rescate de Emergencia 10-3;2025;Agosto;128;6;7;22;8;38;141;1090;121;22;43;152;91;33;96;3;3;1876
2798;Rescate Vehicular 10-4;2025;Agosto;128;16;15;82;31;47;296;467;162;89;67;191;103;56;111;19;12;1764
2799;Haz-Mat 10-5;2025;Agosto;128;0;1;6;3;5;81;43;22;5;2;21;30;5;39;2;0;265
2800;Gas 10-6;2025;Agosto;128;6;8;36;16;38;121;356;44;27;24;112;77;26;61;10;20;982
2801;Eléctrico 10-7;2025;Agosto;128;3;5;16;9;14;45;245;41;3;5;28;15;10;16;0;3;458
2802;No Clasificado 10-8;2025;Agosto;128;7;5;2;13;14;92;73;79;82;23;83;24;15;19;5;7;543
2803;Otros Servicios 10-9;2025;Agosto;128;1;6;48;75;169;319;212;389;102;187;167;425;87;343;9;53;2592
2804;Escombros 10-10;2025;Agosto;128;1;0;1;4;3;19;3;0;4;0;4;4;0;7;0;0;50
2805;Servicio Aéreo 10-11;2025;Agosto;128;0;0;0;0;0;0;0;0;0;1;0;0;0;0;0;0;1
2806;Apoyo a otros Cuerpos 10-12;2025;Agosto;128;0;2;0;1;19;14;144;9;4;6;21;15;14;7;0;0;256
2807;Atentados Terroristas 10-13;2025;Agosto;128;1;0;0;0;0;0;1;0;4;0;0;0;0;0;0;0;6
2808;Accidentes Aéreos 10-14;2025;Agosto;128;0;0;0;0;0;0;0;0;0;0;0;0;0;0;0;0;0
2809;Simulacro 10-15;2025;Agosto;128;1;0;12;0;2;12;22;11;9;1;9;25;2;13;3;2;124
2810;Túnel 10-16;2025;Agosto;128;0;0;0;0;0;0;0;0;0;0;1;0;0;0;0;0;1
2811;Falsa Alarma 6-16;2025;Agosto;128;0;1;2;0;2;7;22;2;3;1;4;1;8;19;1;4;77
2812;Inundación 10-17;2025;Agosto;128;0;0;0;0;1;5;1;1;1;1;5;12;0;0;0;0;27
2813;Emergencia Marítima Portuaria 10-18;2025;Agosto;128;0;0;2;0;0;0;0;0;0;0;0;0;0;0;1;0;3
2814;Incendio 10-30;2025;Agosto;128;1;0;5;0;1;6;19;3;0;0;0;1;2;19;0;0;57
2815;Emergencia Metro de Santiago 10-19;2025;Agosto;128;0;0;0;0;0;1;0;0;0;0;0;0;0;0;0;0;1
2816;Estructural 10-0;2025;Septiembre;129;1;9;20;6;19;57;102;45;43;25;90;49;24;62;5;7;564
2817;Vehículos 10-1;2025;Septiembre;129;2;1;7;3;5;23;31;9;10;3;12;2;6;9;1;1;125
2818;Pastizales y/o Basura 10-2;2025;Septiembre;129;3;1;35;5;15;73;118;73;44;21;33;23;3;33;3;0;483
2819;Rescate de Emergencia 10-3;2025;Septiembre;129;2;4;17;1;14;71;399;40;15;18;96;43;9;55;1;2;787
2820;Rescate Vehicular 10-4;2025;Septiembre;129;4;7;42;8;14;106;207;88;34;24;94;44;23;51;6;4;756
2821;Haz-Mat 10-5;2025;Septiembre;129;0;0;7;1;6;31;14;13;1;3;15;15;3;15;0;1;125
2822;Gas 10-6;2025;Septiembre;129;4;0;19;5;14;35;64;17;13;5;57;36;5;28;3;11;316
2823;Eléctrico 10-7;2025;Septiembre;129;2;2;6;0;7;12;52;4;3;1;10;9;4;8;0;2;122
2824;No Clasificado 10-8;2025;Septiembre;129;2;0;3;5;2;28;32;17;50;9;43;6;7;13;0;1;218
2825;Otros Servicios 10-9;2025;Septiembre;129;4;5;21;14;33;188;102;144;31;43;93;266;56;169;6;24;1199
2826;Escombros 10-10;2025;Septiembre;129;0;0;0;0;4;5;3;2;2;1;2;2;0;0;0;0;21
2827;Servicio Aéreo 10-11;2025;Septiembre;129;0;0;0;0;0;0;0;0;0;0;0;0;0;0;0;0;0
2828;Apoyo a otros Cuerpos 10-12;2025;Septiembre;129;0;0;0;0;6;7;72;5;3;2;8;3;4;1;0;0;111
2829;Atentados Terroristas 10-13;2025;Septiembre;129;0;0;0;0;0;0;2;0;1;0;0;0;0;0;0;0;3
2830;Accidentes Aéreos 10-14;2025;Septiembre;129;0;0;0;0;0;0;0;1;0;0;0;0;0;0;0;0;1
2831;Simulacro 10-15;2025;Septiembre;129;4;0;2;0;4;5;9;2;3;2;5;7;4;9;1;2;59
2832;Túnel 10-16;2025;Septiembre;129;0;0;0;0;0;0;1;0;0;0;0;0;0;0;0;0;1
2833;Falsa Alarma 6-16;2025;Septiembre;129;0;1;0;0;1;3;9;0;1;0;0;0;0;19;0;1;35
2834;Inundación 10-17;2025;Septiembre;129;0;0;0;0;0;0;0;0;0;0;3;0;0;0;0;0;3
2835;Emergencia Marítima Portuaria 10-18;2025;Septiembre;129;0;0;1;0;0;0;0;0;0;0;1;0;0;0;0;0;2
2836;Incendio 10-30;2025;Septiembre;129;0;3;3;0;0;1;11;0;0;0;0;1;0;14;0;0;33
2837;Emergencia Metro de Santiago 10-19;2025;Septiembre;129;0;0;0;0;0;0;1;0;0;0;0;0;0;0;0;0;1
